{
    "red_p_own_coin_a": [
        0.5089820054501794,
        0.48550721119512963,
        0.5416666290509285,
        0.506249968359377,
        0.4967319936776475,
        0.5086704908282953,
        0.4866666342222244
    ],
    "blue_p_own_coin_b": [
        0.4930555213155888,
        0.4968553146631878,
        0.5302013066978989,
        0.5180722579474544,
        0.49253727667632263,
        0.5063290818779062,
        0.47468351426053706
    ],
    "red_reward_a": [
        0.004666666656296297,
        -0.004888888878024691,
        0.0008888888869135803,
        0.0,
        0.0037777777693827163,
        0.0037777777693827163,
        -0.0035555555476543214
    ],
    "blue_reward_b": [
        -0.004444444434567901,
        0.0037777777693827163,
        0.0037777777693827163,
        0.0017777777738271607,
        -0.004444444434567901,
        -0.002666666660740741,
        0.0008888888869135803
    ]
}