{
    "red_p_own_coin_a": [
        0.45578228191957265
    ],
    "blue_p_own_coin_b": [
        0.46710523242728735
    ],
    "red_reward_a": [
        -0.003333333325925926
    ],
    "blue_reward_b": [
        -0.0017777777738271607
    ]
}