{
    "red_p_own_coin_a": [
        0.49206348685647106,
        0.4989106699465069,
        0.5007112304308502,
        0.5169340371313006,
        0.4682080654214991,
        0.484848337924746,
        0.3749998437500651,
        0.34782593572785403,
        0.5312498339844268,
        0.5666664777778407,
        0.38095219954657167,
        0.5862066944114847,
        0.3636361983471826,
        0.619047324263179,
        0.399999840000064,
        0.4399998240000704,
        0.619047324263179,
        0.583333090277879,
        0.5925923731139359,
        0.5384613313610264,
        0.4615382840237369
    ],
    "blue_p_own_coin_b": [
        0.48538011128210395,
        0.4987244834346367,
        0.4991118916676396,
        0.520547921436168,
        0.4324323155588336,
        0.38461528599608047,
        0.35714277210886375,
        0.4827584542212227,
        0.38095229024945465,
        0.5526314335180438,
        0.571428435374182,
        0.5999998500000374,
        0.5263156509695655,
        0.5476189172335911,
        0.58139521362902,
        0.4473683033241307,
        0.5744679628791568,
        0.43939387281911013,
        0.4807691383136272,
        0.5571427775510317,
        0.5526315062326965
    ],
    "red_picks_coin_a": [
        0.1574999997375,
        0.152999999745,
        0.11716666647138889,
        0.09349999984416667,
        0.02883333328527778,
        0.005499999990833334,
        0.003999999993333334,
        0.0038333333269444446,
        0.005333333324444444,
        0.004999999991666667,
        0.0034999999941666667,
        0.004833333325277778,
        0.003666666660555556,
        0.0034999999941666667,
        0.0041666666597222225,
        0.0041666666597222225,
        0.0034999999941666667,
        0.003999999993333334,
        0.0044999999925,
        0.004333333326111111,
        0.004333333326111111
    ],
    "blue_picks_coin_b": [
        0.1424999997625,
        0.13066666644888889,
        0.09383333317694445,
        0.036499999939166666,
        0.006166666656388889,
        0.006499999989166667,
        0.006999999988333333,
        0.004833333325277778,
        0.006999999988333333,
        0.0063333333227777785,
        0.006999999988333333,
        0.006666666655555556,
        0.0063333333227777785,
        0.006999999988333333,
        0.007166666654722223,
        0.0063333333227777785,
        0.007833333320277778,
        0.010999999981666668,
        0.008666666652222222,
        0.011666666647222223,
        0.012666666645555557
    ],
    "red_reward_a": [
        -0.4891666658513889,
        -0.47799999920333336,
        -0.47683333253861115,
        -0.44149999926416666,
        -0.47816666586972223,
        -0.5024999991625,
        -0.5049999991583334,
        -0.5011666658313889,
        -0.5033333324944445,
        -0.5006666658322222,
        -0.5024999991625,
        -0.5004999991658333,
        -0.5023333324961111,
        -0.5028333324952778,
        -0.5018333324969445,
        -0.5028333324952778,
        -0.5031666658280556,
        -0.5083333324861111,
        -0.5044999991591667,
        -0.5059999991566667,
        -0.506999999155
    ],
    "blue_reward_b": [
        -0.5174999991375,
        -0.5226666657955555,
        -0.5231666657947223,
        -0.5538333324102778,
        -0.5244999991258333,
        -0.49916666583472225,
        -0.49799999917000004,
        -0.5001666658330556,
        -0.49799999917000004,
        -0.49799999917000004,
        -0.49733333250444445,
        -0.49733333250444445,
        -0.4983333325027778,
        -0.4956666658405556,
        -0.4978333325036111,
        -0.4983333325027778,
        -0.4948333325086111,
        -0.4923333325127778,
        -0.49499999917500004,
        -0.4923333325127778,
        -0.49199999918000004
    ]
}