{
    "red_p_own_coin_a": [
        0.5054704539882883,
        0.5183585201218462,
        0.45283014595942017,
        0.4374997265626709,
        0.4827584542212227,
        0.6153843786983159,
        0.40909072314058037,
        0.5499997250001375,
        0.6799997280001088,
        0.4399998240000704
    ],
    "blue_p_own_coin_b": [
        0.5032822702047892,
        0.5042016753760329,
        0.49642856551870757,
        0.4324323155588336,
        0.3636361983471826,
        0.5757574012856359,
        0.3846152366864474,
        0.51724120095131,
        0.6551721878716593,
        0.4583331423611907
    ],
    "red_picks_coin_a": [
        0.15233333307944444,
        0.07716666653805555,
        0.017666666637222224,
        0.002666666662222222,
        0.004833333325277778,
        0.004333333326111111,
        0.003666666660555556,
        0.003333333327777778,
        0.0041666666597222225,
        0.0041666666597222225
    ],
    "blue_picks_coin_b": [
        0.15233333307944444,
        0.15866666640222224,
        0.13999999976666666,
        0.006166666656388889,
        0.003666666660555556,
        0.005499999990833334,
        0.004333333326111111,
        0.004833333325277778,
        0.004833333325277778,
        0.003999999993333334
    ],
    "red_reward_a": [
        -0.4989999991683334,
        -0.5801666656997222,
        -0.6233333322944444,
        -0.5043333324927778,
        -0.4998333325002778,
        -0.5003333324994444,
        -0.5016666658305555,
        -0.5013333324977778,
        -0.49916666583472225,
        -0.5001666658330556
    ],
    "blue_reward_b": [
        -0.4983333325027778,
        -0.4156666659738889,
        -0.37933333270111114,
        -0.4968333325052778,
        -0.5013333324977778,
        -0.4978333325036111,
        -0.4999999991666667,
        -0.4981666658363889,
        -0.4978333325036111,
        -0.5006666658322222
    ]
}