{
    "cooperation_a": [
        0.4759999952400001,
        0.9999999900000002,
        0.9999999900000002,
        0.9989999900100002,
        0.9989999900100002,
        0.9999999900000002,
        0.9999999900000002,
        0.9999999900000002,
        0.9989999900100002,
        0.9999999900000002,
        0.9999999900000002,
        0.9999999900000002,
        0.9999999900000002,
        0.9999999900000002,
        0.9999999900000002,
        0.9989999900100002,
        0.9999999900000002,
        0.9999999900000002,
        0.9999999900000002,
        0.9999999900000002,
        0.9999999900000002,
        0.9999999900000002,
        0.9999999900000002,
        0.9999999900000002,
        0.9999999900000002,
        0.9999999900000002,
        0.9989999900100002,
        0.9999999900000002
    ],
    "cooperation_b": [
        0.6099999939,
        0.030999999690000005,
        0.01599999984,
        0.01299999987,
        0.00499999995,
        0.00799999992,
        0.0099999999,
        0.00899999991,
        0.00799999992,
        0.00099999999,
        0.00399999996,
        0.00099999999,
        0.00399999996,
        0.00499999995,
        0.00499999995,
        0.00499999995,
        0.00199999998,
        0.00399999996,
        0.00099999999,
        0.00499999995,
        0.00499999995,
        0.0,
        0.00099999999,
        0.00099999999,
        0.00299999997,
        0.00299999997,
        0.0,
        0.00099999999
    ],
    "reward_a": [
        -1.25599998744,
        -2.9379999706200004,
        -2.96799997032,
        -2.9729999702700005,
        -2.9889999701100005,
        -2.98399997016,
        -2.9799999702,
        -2.9819999701800004,
        -2.9829999701700003,
        -2.9979999700200004,
        -2.99199997008,
        -2.9979999700200004,
        -2.99199997008,
        -2.9899999701000004,
        -2.9899999701000004,
        -2.9889999701100005,
        -2.99599997004,
        -2.99199997008,
        -2.9979999700200004,
        -2.9899999701000004,
        -2.9899999701000004,
        -2.99999997,
        -2.9979999700200004,
        -2.9979999700200004,
        -2.9939999700600004,
        -2.9939999700600004,
        -2.9989999700100003,
        -2.9979999700200004
    ],
    "reward_b": [
        -1.65799998342,
        -0.030999999690000005,
        -0.01599999984,
        -0.014999999850000003,
        -0.006999999930000001,
        -0.00799999992,
        -0.0099999999,
        -0.00899999991,
        -0.0099999999,
        -0.00099999999,
        -0.00399999996,
        -0.00099999999,
        -0.00399999996,
        -0.00499999995,
        -0.00499999995,
        -0.006999999930000001,
        -0.00199999998,
        -0.00399999996,
        -0.00099999999,
        -0.00499999995,
        -0.00499999995,
        0.0,
        -0.00099999999,
        -0.00099999999,
        -0.00299999997,
        -0.00299999997,
        -0.00199999998,
        -0.00099999999
    ]
}