{
    "red_p_own_coin_a": [
        0.49393604747589803,
        0.5035587099010906,
        0.5394736132271561,
        0.5657893992382369
    ],
    "blue_p_own_coin_b": [
        0.4889821564639858,
        0.4869762119255242,
        0.47916664171007073,
        0.49999977272737606
    ],
    "red_picks_coin_a": [
        0.15116666641472223,
        0.09366666651055557,
        0.012666666645555557,
        0.012666666645555557
    ],
    "blue_picks_coin_b": [
        0.1588333330686111,
        0.1471666664213889,
        0.03199999994666667,
        0.003666666660555556
    ],
    "red_reward_a": [
        -0.5111666658147223,
        -0.5573333324044445,
        -0.5206666657988889,
        -0.4909999991816667
    ],
    "blue_reward_b": [
        -0.4941666658430556,
        -0.4458333325902778,
        -0.47966666586722223,
        -0.5073333324877778
    ]
}