{
    "red_p_own_coin_a": [
        0.5529411439446386,
        0.5039999596800032,
        0.5075757191230515
    ],
    "blue_p_own_coin_b": [
        0.5793650333837275,
        0.46212117711203204,
        0.5093167385517554
    ],
    "red_reward_a": [
        0.014222222190617285,
        -0.0037777777693827163,
        -0.005777777764938272
    ],
    "blue_reward_b": [
        -0.005777777764938272,
        0.0017777777738271607,
        0.006888888873580247
    ]
}