{
    "red_p_own_coin_a": [
        0.5169491087331264
    ],
    "blue_p_own_coin_b": [
        0.49655168989298687
    ],
    "red_reward_a": [
        -0.006222222208395062
    ],
    "blue_reward_b": [
        0.006888888873580247
    ]
}