{
    "red_p_own_coin_a": [
        0.47368421052631576,
        0.5
    ],
    "blue_p_own_coin_b": [
        0.0,
        0.6666666666666666
    ],
    "red_reward_a": [
        -1.0,
        0.3333333333333333
    ],
    "blue_reward_b": [
        1.0,
        -0.3333333333333333
    ]
}