{
    "red_p_own_coin_a": [
        0.4770544239375195,
        0.5035360607703527,
        0.5042492775000205,
        0.5076141874307519,
        0.41379296076104805,
        0.516128865764882,
        0.5333331555556148,
        0.464285548469447,
        0.3749998437500651,
        0.5555553497943149,
        0.4827584542212227,
        0.619047324263179,
        0.6315786149586237,
        0.49999980769238167,
        0.4799998080000768,
        0.45454531680444943
    ],
    "blue_p_own_coin_b": [
        0.47020584539321947,
        0.5173961782559352,
        0.5110663881073162,
        0.49999995000000497,
        0.6363633471075695,
        0.5217389035917811,
        0.32142845663269404,
        0.6249997395834419,
        0.6071426403061999,
        0.3636361983471826,
        0.49999980769238167,
        0.4999998437500488,
        0.5333331555556148,
        0.6086953875237445,
        0.5769228550296711,
        0.5294114532873805
    ],
    "red_picks_coin_a": [
        0.1561666664063889,
        0.11783333313694445,
        0.05883333323527778,
        0.03283333327861111,
        0.004833333325277778,
        0.005166666658055556,
        0.004999999991666667,
        0.0046666666588888895,
        0.003999999993333334,
        0.0044999999925,
        0.004833333325277778,
        0.0034999999941666667,
        0.0031666666613888892,
        0.004333333326111111,
        0.0041666666597222225,
        0.005499999990833334
    ],
    "blue_picks_coin_b": [
        0.15383333307694444,
        0.1484999997525,
        0.08283333319527778,
        0.01666666663888889,
        0.003666666660555556,
        0.0038333333269444446,
        0.0046666666588888895,
        0.003999999993333334,
        0.0046666666588888895,
        0.003666666660555556,
        0.004333333326111111,
        0.005333333324444444,
        0.004999999991666667,
        0.0038333333269444446,
        0.004333333326111111,
        0.0028333333286111114
    ],
    "red_reward_a": [
        -0.5068333324886112,
        -0.5254999991241667,
        -0.5221666657963889,
        -0.4838333325269445,
        -0.4978333325036111,
        -0.4984999991691667,
        -0.5013333324977778,
        -0.4983333325027778,
        -0.4996666658338889,
        -0.5001666658330556,
        -0.49949999916750004,
        -0.5018333324969445,
        -0.5014999991641667,
        -0.4986666658355556,
        -0.49949999916750004,
        -0.4971666658380556
    ],
    "blue_reward_b": [
        -0.5094999991508333,
        -0.4684999992191667,
        -0.4754999992075,
        -0.5156666658072222,
        -0.5019999991633334,
        -0.5011666658313889,
        -0.4999999991666667,
        -0.500999999165,
        -0.5003333324994444,
        -0.5003333324994444,
        -0.5006666658322222,
        -0.49733333250444445,
        -0.49733333250444445,
        -0.5004999991658333,
        -0.4999999991666667,
        -0.5031666658280556
    ]
}