{
    "cooperation_a": [
        0.48639999902720005,
        0.1605999996788,
        0.0315999999368,
        0.0157999999684,
        0.0115999999768,
        0.012199999975600001,
        0.0093999999812,
        0.0057999999884,
        0.0057999999884,
        0.006599999986800001,
        0.004599999990800001,
        0.0035999999928,
        0.005599999988800001,
        0.0041999999916,
        0.0013999999972000002,
        0.003999999992,
        0.002999999994,
        0.0023999999952,
        0.0021999999956000002,
        0.0013999999972000002,
        0.0007999999984000001,
        0.0015999999968000001,
        0.0011999999976,
        0.0017999999964,
        0.0015999999968000001,
        0.0015999999968000001,
        0.0015999999968000001,
        0.0011999999976,
        0.0007999999984000001,
        0.001999999996,
        0.001999999996,
        0.0011999999976,
        0.00039999999920000003,
        0.0013999999972000002,
        0.00019999999960000002,
        0.0017999999964,
        0.0011999999976
    ],
    "cooperation_b": [
        0.6941999986116001,
        0.0,
        0.0,
        0.0,
        0.0,
        0.0,
        0.0,
        0.0,
        0.0,
        0.0,
        0.0,
        0.0,
        0.0,
        0.0,
        0.0,
        0.0,
        0.0,
        0.0,
        0.0,
        0.0,
        0.0,
        0.0,
        0.0,
        0.0,
        0.0,
        0.0,
        0.0,
        0.0,
        0.0,
        0.0,
        0.0,
        0.0,
        0.0,
        0.0,
        0.0,
        0.0,
        0.0
    ],
    "reward_a": [
        -1.7213999965572,
        -1.6787999966424,
        -1.9367999961264002,
        -1.9683999960632002,
        -1.9767999960464,
        -1.9755999960488002,
        -1.9811999960376,
        -1.9883999960232002,
        -1.9883999960232002,
        -1.9867999960264,
        -1.9907999960184002,
        -1.9927999960144,
        -1.9887999960224,
        -1.9915999960168,
        -1.9971999960056002,
        -1.9919999960160002,
        -1.993999996012,
        -1.9951999960096,
        -1.9955999960088,
        -1.9971999960056002,
        -1.9983999960032002,
        -1.9967999960064,
        -1.9975999960048,
        -1.9963999960072,
        -1.9967999960064,
        -1.9967999960064,
        -1.9967999960064,
        -1.9975999960048,
        -1.9983999960032002,
        -1.9959999960080002,
        -1.9959999960080002,
        -1.9975999960048,
        -1.9991999960016,
        -1.9971999960056002,
        -1.9995999960008002,
        -1.9963999960072,
        -1.9975999960048
    ],
    "reward_b": [
        -1.097999997804,
        -2.1605999956788002,
        -2.0315999959368,
        -2.0157999959684,
        -2.0115999959768,
        -2.0121999959756,
        -2.0093999959812,
        -2.0057999959884003,
        -2.0057999959884003,
        -2.0065999959868,
        -2.0045999959908003,
        -2.0035999959928,
        -2.0055999959888,
        -2.0041999959916,
        -2.0013999959972,
        -2.0039999959920003,
        -2.002999995994,
        -2.0023999959952,
        -2.0021999959956003,
        -2.0013999959972,
        -2.0007999959984,
        -2.0015999959968003,
        -2.0011999959976,
        -2.0017999959964,
        -2.0015999959968003,
        -2.0015999959968003,
        -2.0015999959968003,
        -2.0011999959976,
        -2.0007999959984,
        -2.001999995996,
        -2.001999995996,
        -2.0011999959976,
        -2.0003999959992003,
        -2.0013999959972,
        -2.0001999959996,
        -2.0017999959964,
        -2.0011999959976
    ]
}