{
    "p_own_coin_red": [
        0.5047923268925205,
        0.466666511111163,
        0.5199997920000832,
        0.4999998214286352,
        0.5599997760000897,
        0.4399998240000704,
        0.3846152366864474,
        0.5384613313610264,
        0.35294107266439034,
        0.5714283673470116,
        0.5217389035917811,
        0.5925923731139359,
        0.3333331944445023,
        0.6666662962965021,
        0.5999996000002666,
        0.37931021403096066,
        0.7142853741498219,
        0.6129030280957974,
        0.5599997760000897,
        0.39999973333351113,
        0.39285700255107053,
        0.4827584542212227,
        0.6521736294897263,
        0.6774191363164076,
        0.5135133747261149,
        0.5555554012346107,
        0.599999760000096,
        0.5499997250001375
    ],
    "p_own_coin_blue": [
        0.5082690131392612,
        0.4897260190115408,
        0.4835329268932197,
        0.498381871646366,
        0.5008361162137449,
        0.4935940627539173,
        0.49913544380901764,
        0.5030395098553229,
        0.49137930429335835,
        0.49769584998619637,
        0.5182926513236188,
        0.50202839502014,
        0.49769584998619637,
        0.502132193485436,
        0.49903659924784977,
        0.4986619067856294,
        0.49851631836152477,
        0.5023255794483505,
        0.5033167454119672,
        0.4995784127336492,
        0.4991238303179795,
        0.5009335809524311,
        0.5217390548204268,
        0.5499998625000343,
        0.624999804687561,
        0.5185183264746939,
        0.5769228550296711,
        0.5555554012346107
    ],
    "p_coin_red": [
        0.15649999973916667,
        0.004999999991666667,
        0.0041666666597222225,
        0.0046666666588888895,
        0.0041666666597222225,
        0.0041666666597222225,
        0.004333333326111111,
        0.004333333326111111,
        0.005666666657222223,
        0.0046666666588888895,
        0.0038333333269444446,
        0.0044999999925,
        0.003999999993333334,
        0.002999999995,
        0.0024999999958333335,
        0.004833333325277778,
        0.0034999999941666667,
        0.005166666658055556,
        0.0041666666597222225,
        0.0024999999958333335,
        0.0046666666588888895,
        0.004833333325277778,
        0.0038333333269444446,
        0.005166666658055556,
        0.006166666656388889,
        0.00599999999,
        0.0041666666597222225,
        0.003333333327777778
    ],
    "p_coin_blue": [
        0.15116666641472223,
        0.09733333317111112,
        0.11133333314777778,
        0.1544999997425,
        0.1993333330011111,
        0.24716666625472222,
        0.28916666618472225,
        0.2193333329677778,
        0.1353333331077778,
        0.3254999994575,
        0.02733333328777778,
        0.3286666661188889,
        0.3254999994575,
        0.31266666614555555,
        0.08649999985583334,
        0.37366666604388893,
        0.3931666660113889,
        0.4299999992833334,
        0.200999999665,
        0.3953333326744445,
        0.5706666657155556,
        0.6248333322919445,
        0.011499999980833333,
        0.006666666655555556,
        0.005333333324444444,
        0.0044999999925,
        0.004333333326111111,
        0.00599999999
    ],
    "reward_red": [
        1.416333330972778,
        -0.04933333325111111,
        -0.07333333321111112,
        -0.10833333315277778,
        -0.1573333330711111,
        -0.2086666663188889,
        -0.2463333329227778,
        -0.17466666637555556,
        -0.080999999865,
        -0.2803333328661111,
        0.01199999998,
        -0.2823333328627778,
        -0.28699999952166666,
        -0.28133333286444445,
        -0.06166666656388889,
        -0.3263333327894445,
        -0.35933333273444445,
        -0.37633333270611113,
        -0.15799999973666667,
        -0.3706666660488889,
        -0.5249999991250001,
        -0.5753333323744445,
        0.02733333328777778,
        0.04566666659055556,
        0.05766666657055556,
        0.05566666657388889,
        0.03799999993666667,
        0.027999999953333334
    ],
    "reward_blue": [
        1.3566666644055556,
        0.9679999983866667,
        1.1093333314844445,
        1.5403333307661111,
        1.9896666633505558,
        2.4669999958883335,
        2.886333328522778,
        2.1893333296844446,
        1.3459999977566668,
        3.250999994581667,
        0.26966666621722224,
        3.2829999945283337,
        3.2496666612505556,
        3.124666661458889,
        0.8629999985616668,
        3.730666660448889,
        3.9296666601172223,
        4.295999992840001,
        2.0063333299894444,
        3.9503333267494445,
        5.7009999904983335,
        6.243333322927778,
        0.11233333314611112,
        0.06333333322777777,
        0.04733333325444445,
        0.03966666660055556,
        0.039999999933333336,
        0.056999999905
    ]
}