{
    "red_p_own_coin_a": [
        0.49554139496125615,
        0.5090206119971571,
        0.5026666599644446,
        0.4851612840624351,
        0.4855072405131976,
        0.5067985104227626,
        0.5251612835463061,
        0.4718670016385294,
        0.4864864805099941,
        0.48035487350627537,
        0.4943109924865867,
        0.48411689346738385,
        0.48492158643037897,
        0.5141104231397494,
        0.49612402459788085,
        0.5018587298406602,
        0.4778067822740629,
        0.5161676584890101,
        0.5095541336362531,
        0.49755500614235937,
        0.48652117475582574,
        0.49875311098811587,
        0.48301886184881937,
        0.49503721470177153,
        0.4838709617385737,
        0.5012562751098458,
        0.48492158643037897,
        0.4876325030903121,
        0.48411689346738385,
        0.47716345580332387,
        0.49061032288016054,
        0.5055486990684501,
        0.4994259414532039,
        0.48387096216738523,
        0.5017026049749989,
        0.47100591158572885,
        0.5125447967437898,
        0.48531139265204004,
        0.4976359279239252,
        0.498117936033652,
        0.4887133127684728,
        0.4994324574411753,
        0.46828142481797663,
        0.5041224911175207,
        0.47368420510658804,
        0.5073612626572903
    ],
    "blue_p_own_coin_b": [
        0.4853658477394409,
        0.513907277961493,
        0.498730958137932,
        0.4927344716943927,
        0.48897535033754413,
        0.5026177944683535,
        0.5164835101772466,
        0.48496731392199594,
        0.49935316300966154,
        0.4842767234682173,
        0.5006434942002125,
        0.4841075735439172,
        0.4801980138589355,
        0.521180994593312,
        0.511904755133535,
        0.5024630479992236,
        0.47761193435806054,
        0.5151898668963308,
        0.5006090073007429,
        0.48696681887480076,
        0.5043478198217662,
        0.5006418420970239,
        0.48023951520671243,
        0.4988179610068799,
        0.4859813027338633,
        0.5011876425037097,
        0.48557691724066204,
        0.49507388552864673,
        0.4856459272051923,
        0.4794188803944446,
        0.48820754141264694,
        0.4999999939320389,
        0.5047281264216533,
        0.48522726721332654,
        0.5023696622941983,
        0.4890678885032464,
        0.5071598984825788,
        0.4903381583292493,
        0.49122806443008116,
        0.5022471853680092,
        0.4989247258180137,
        0.5136611965720088,
        0.47019122080774783,
        0.4935205130289362,
        0.47272726735537196,
        0.49777777224691366
    ],
    "red_picks_coin_a": [
        0.156999999686,
        0.15519999968960002,
        0.1499999997,
        0.15499999969,
        0.1655999996688,
        0.16179999967640002,
        0.15499999969,
        0.1563999996872,
        0.1627999996744,
        0.1577999996844,
        0.15819999968360002,
        0.15739999968520002,
        0.1657999996684,
        0.162999999674,
        0.1547999996904,
        0.1613999996772,
        0.15319999969360001,
        0.16699999966600002,
        0.156999999686,
        0.1635999996728,
        0.1557999996884,
        0.16039999967920002,
        0.15899999968200001,
        0.16119999967760001,
        0.16119999967760001,
        0.1591999996816,
        0.1657999996684,
        0.16979999966040002,
        0.15739999968520002,
        0.1663999996672,
        0.1703999996592,
        0.1621999996756,
        0.17419999965160002,
        0.1735999996528,
        0.1761999996476,
        0.16899999966200002,
        0.1673999996652,
        0.1701999996596,
        0.16919999966160001,
        0.1593999996812,
        0.17719999964560001,
        0.1761999996476,
        0.17339999965320002,
        0.16979999966040002,
        0.17479999965040002,
        0.1765999996468
    ],
    "blue_picks_coin_b": [
        0.16399999967200002,
        0.15099999969800001,
        0.1575999996848,
        0.1513999996972,
        0.1541999996916,
        0.1527999996944,
        0.1637999996724,
        0.15299999969400002,
        0.15459999969080002,
        0.15899999968200001,
        0.1553999996892,
        0.1635999996728,
        0.1615999996768,
        0.1557999996884,
        0.1511999996976,
        0.1623999996752,
        0.1607999996784,
        0.157999999684,
        0.1641999996716,
        0.1687999996624,
        0.16099999967800002,
        0.1557999996884,
        0.16699999966600002,
        0.16919999966160001,
        0.17119999965760002,
        0.16839999966320002,
        0.1663999996672,
        0.1623999996752,
        0.1671999996656,
        0.1651999996696,
        0.1695999996608,
        0.16479999967040002,
        0.16919999966160001,
        0.175999999648,
        0.1687999996624,
        0.1737999996524,
        0.16759999966480002,
        0.1655999996688,
        0.170999999658,
        0.177999999644,
        0.185999999628,
        0.18299999963400002,
        0.17779999964440002,
        0.18519999962960002,
        0.175999999648,
        0.17999999964000002
    ],
    "red_reward_a": [
        -0.09619999980760001,
        -0.06499999987,
        -0.086999999826,
        -0.0753999998492,
        -0.0707999998584,
        -0.0661999998676,
        -0.0825999998348,
        -0.07999999984,
        -0.0693999998612,
        -0.08819999982360001,
        -0.0745999998508,
        -0.09579999980840001,
        -0.0861999998276,
        -0.060799999878400006,
        -0.0665999998668,
        -0.080999999838,
        -0.09879999980240001,
        -0.0627999998744,
        -0.088999999822,
        -0.09619999980760001,
        -0.0835999998328,
        -0.072999999854,
        -0.1013999997972,
        -0.0931999998136,
        -0.10279999979440001,
        -0.0927999998144,
        -0.090999999818,
        -0.07619999984760001,
        -0.10059999979880001,
        -0.0915999998168,
        -0.08999999982000001,
        -0.08499999983,
        -0.0771999998456,
        -0.0981999998036,
        -0.07579999984840001,
        -0.0973999998052,
        -0.0803999998392,
        -0.082999999834,
        -0.09179999981640001,
        -0.10639999978720001,
        -0.10239999979520001,
        -0.0907999998184,
        -0.10919999978160001,
        -0.1115999997768,
        -0.1035999997928,
        -0.0945999998108
    ],
    "blue_reward_b": [
        -0.07359999985280001,
        -0.07759999984480001,
        -0.0661999998676,
        -0.087999999824,
        -0.1013999997972,
        -0.0865999998268,
        -0.056999999886000005,
        -0.0947999998104,
        -0.09619999980760001,
        -0.086999999826,
        -0.08459999983080001,
        -0.07999999984,
        -0.0945999998108,
        -0.0817999998364,
        -0.0827999998344,
        -0.0787999998424,
        -0.0791999998416,
        -0.0843999998312,
        -0.0667999998664,
        -0.0777999998444,
        -0.078999999842,
        -0.0853999998292,
        -0.0795999998408,
        -0.07499999985,
        -0.07839999984320001,
        -0.0697999998604,
        -0.0897999998204,
        -0.0985999998028,
        -0.0763999998472,
        -0.09579999980840001,
        -0.0907999998184,
        -0.07579999984840001,
        -0.0923999998152,
        -0.0927999998144,
        -0.0945999998108,
        -0.09439999981120001,
        -0.0771999998456,
        -0.0971999998056,
        -0.083999999832,
        -0.061999999876,
        -0.0857999998284,
        -0.08159999983680001,
        -0.09879999980240001,
        -0.0673999998652,
        -0.0999999998,
        -0.080999999838
    ]
}