{
    "red_p_own_coin_a": [
        0.5105140127276401,
        0.49669602977207017,
        0.4942263165305701,
        0.511278189081727,
        0.497630323892096,
        0.4818941369945923
    ],
    "blue_p_own_coin_b": [
        0.5052410848507224,
        0.4882352883737025,
        0.5064102509998905,
        0.5037273641775574,
        0.49557521392956916,
        0.49504945593569744
    ],
    "red_picks_coin_a": [
        0.1426666664288889,
        0.1513333330811111,
        0.0721666665463889,
        0.13299999977833335,
        0.10549999982416668,
        0.05983333323361111
    ],
    "blue_picks_coin_b": [
        0.158999999735,
        0.14166666643055556,
        0.15599999974,
        0.15649999973916667,
        0.11299999981166667,
        0.016833333305277778
    ],
    "red_reward_a": [
        -0.014666666642222223,
        0.0063333333227777785,
        -0.08183333319694445,
        -0.02233333329611111,
        -0.008499999985833335,
        0.042833333261944447
    ],
    "blue_reward_b": [
        0.019333333301111113,
        -0.010666666648888889,
        0.08299999986166667,
        0.026499999955833336,
        0.006999999988333333,
        -0.04516666659138889
    ]
}