{
    "red_p_own_coin_a": [
        0.45578228191957265,
        0.49664426197018374,
        0.5347221850887371,
        0.5119047314342422,
        0.496402841985407,
        0.5269460762307738,
        0.46258500254523793,
        0.49367085483095857,
        0.506849280352789,
        0.4923076544378727,
        0.506849280352789,
        0.4870129553887691,
        0.5308641647614712,
        0.5373133927378065,
        0.5394736487188388,
        0.5138888532021629
    ],
    "blue_p_own_coin_b": [
        0.5117646757785485,
        0.4444444115226362,
        0.49032254901144845,
        0.479729697315561,
        0.5131578609764565,
        0.563758351425614,
        0.48809520904195186,
        0.5374149294275558,
        0.506249968359377,
        0.479452021955341,
        0.45512817595332206,
        0.5214723606458674,
        0.4999999647887349,
        0.5319148558925634,
        0.5345911613464678,
        0.5035460635782933
    ],
    "red_reward_a": [
        -0.004222222212839507,
        -0.00022222222172839509,
        -0.003111111104197531,
        0.003111111104197531,
        -0.0019999999955555557,
        0.008222222203950618,
        -0.005555555543209877,
        0.004888888878024691,
        -0.002666666660740741,
        -0.004888888878024691,
        -0.005333333321481482,
        -0.00044444444345679017,
        0.004444444434567901,
        0.00044444444345679017,
        0.0008888888869135803,
        0.0008888888869135803
    ],
    "blue_reward_b": [
        0.0022222222172839506,
        -0.003333333325925926,
        0.004666666656296297,
        -0.0035555555476543214,
        0.002666666660740741,
        -0.0019999999955555557,
        0.0022222222172839506,
        -0.002888888882469136,
        0.0035555555476543214,
        0.003111111104197531,
        0.002666666660740741,
        0.0011111111086419753,
        -0.0022222222172839506,
        0.0037777777693827163,
        0.004222222212839507,
        0.00022222222172839509
    ]
}