{
    "red_p_own_coin_a": [
        0.5730337078651685,
        0.5257731958762887,
        0.3979591836734694,
        0.4838709677419355,
        0.43617021276595747,
        0.46534653465346537,
        0.5408163265306123,
        0.5882352941176471,
        0.45263157894736844,
        0.4854368932038835,
        0.5487804878048781,
        0.4942528735632184,
        0.4563106796116505,
        0.4339622641509434,
        0.49411764705882355,
        0.5094339622641509,
        0.46153846153846156,
        0.4789915966386555,
        0.5094339622641509,
        0.5050505050505051,
        0.5,
        0.4830508474576271,
        0.49019607843137253,
        0.5280898876404494,
        0.5309734513274337,
        0.48484848484848486,
        0.5454545454545454,
        0.47560975609756095,
        0.47863247863247865,
        0.46,
        0.4583333333333333,
        0.4895833333333333,
        0.5,
        0.5315315315315315,
        0.52,
        0.5252525252525253,
        0.46226415094339623,
        0.5280898876404494,
        0.4732142857142857,
        0.44642857142857145,
        0.5096153846153846
    ],
    "blue_p_own_coin_b": [
        0.75,
        0.3333333333333333,
        1.0,
        0.2857142857142857,
        1.0,
        0.5,
        0.8,
        0.42857142857142855,
        1.0,
        0.3333333333333333,
        0.5,
        0.75,
        1.0,
        0.3333333333333333,
        0.3333333333333333,
        0.2,
        0.2857142857142857,
        1.0,
        0.375,
        0.0,
        1.0,
        0.3333333333333333,
        0.8,
        1.0,
        0.0,
        0.5,
        0.4,
        0.6666666666666666,
        0.0,
        0.0,
        0.75,
        0.5,
        0.0,
        0.5,
        0.8333333333333334,
        0.75,
        0.6666666666666666,
        0.5,
        0.3333333333333333,
        0.4,
        1.0
    ],
    "red_reward_a": [
        0.5,
        -0.3333333333333333,
        1.0,
        -0.42857142857142855,
        1.0,
        0.0,
        0.6,
        -0.14285714285714285,
        1.0,
        -0.3333333333333333,
        0.0,
        0.5,
        1.0,
        -0.3333333333333333,
        -0.3333333333333333,
        -0.6,
        -0.42857142857142855,
        1.0,
        -0.25,
        -1.0,
        1.0,
        -0.3333333333333333,
        0.6,
        1.0,
        -1.0,
        0.0,
        -0.2,
        0.3333333333333333,
        -1.0,
        -1.0,
        0.5,
        0.0,
        -1.0,
        0.0,
        0.6666666666666666,
        0.5,
        0.3333333333333333,
        0.0,
        -0.3333333333333333,
        -0.2,
        1.0
    ],
    "blue_reward_b": [
        -0.5,
        0.3333333333333333,
        -1.0,
        0.42857142857142855,
        -1.0,
        0.0,
        -0.6,
        0.14285714285714285,
        -1.0,
        0.3333333333333333,
        0.0,
        -0.5,
        -1.0,
        0.3333333333333333,
        0.3333333333333333,
        0.6,
        0.42857142857142855,
        -1.0,
        0.25,
        1.0,
        -1.0,
        0.3333333333333333,
        -0.6,
        -1.0,
        1.0,
        0.0,
        0.2,
        -0.3333333333333333,
        1.0,
        1.0,
        -0.5,
        0.0,
        1.0,
        0.0,
        -0.6666666666666666,
        -0.5,
        -0.3333333333333333,
        0.0,
        0.3333333333333333,
        0.2,
        -1.0
    ]
}