{
    "red_p_own_coin_a": [
        0.5025839728348324,
        0.510204075124948,
        0.4840764269544404,
        0.5091863450238012,
        0.5043263225670418,
        0.4981773937037984,
        0.48648648022539925,
        0.5270270199050403,
        0.4881987516993944,
        0.5274999934062501,
        0.49870800389266146,
        0.5168961136808997,
        0.4820143827096597,
        0.5210918049492332,
        0.47487436589353815,
        0.5045395524703041,
        0.5100250562653502,
        0.5102781074936142,
        0.4922710999729953,
        0.49704840027097524,
        0.5037220781175921,
        0.5105328313440789,
        0.49331712644815157,
        0.48724179237859305,
        0.5036674755052876,
        0.5097560913444379,
        0.5057471206235963,
        0.5052264749683336,
        0.5070093398713862,
        0.5108433673392365,
        0.48488512110175186,
        0.501805048113056,
        0.5011415467906216,
        0.49219687284277464,
        0.5098901042869219,
        0.5112692703289529,
        0.5081206437573011
    ],
    "blue_p_own_coin_b": [
        0.5104438575660071,
        0.5082191711202854,
        0.4894179829442066,
        0.5085413862215324,
        0.48968362462608495,
        0.4853503122885311,
        0.48612945196658586,
        0.5184275120586301,
        0.4895561293791628,
        0.5188171973277259,
        0.49607329193621347,
        0.5145888525916598,
        0.49146340864069016,
        0.5140562180179891,
        0.47254150098925285,
        0.5056746468389074,
        0.5069356808709246,
        0.514285707897072,
        0.4895013059120564,
        0.4949494887001327,
        0.5101796346086271,
        0.5168119487321052,
        0.4999999936061382,
        0.48271446244923866,
        0.49577803985792473,
        0.5024569962843121,
        0.5103280618429155,
        0.49999999407582946,
        0.5024038401153385,
        0.5159235603067063,
        0.47906976187128186,
        0.4981818121432508,
        0.49942329297089627,
        0.5024038401153385,
        0.5157004768635208,
        0.5109756035246877,
        0.5148632519041231
    ],
    "red_picks_coin_a": [
        0.1547999996904,
        0.15679999968640002,
        0.156999999686,
        0.15239999969520002,
        0.16179999967640002,
        0.1645999996708,
        0.1553999996892,
        0.14799999970400002,
        0.16099999967800002,
        0.15999999968,
        0.1547999996904,
        0.1597999996804,
        0.16679999966640002,
        0.16119999967760001,
        0.1591999996816,
        0.1541999996916,
        0.15959999968080002,
        0.16539999966920002,
        0.1681999996636,
        0.1693999996612,
        0.16119999967760001,
        0.1613999996772,
        0.1645999996708,
        0.1645999996708,
        0.1635999996728,
        0.16399999967200002,
        0.173999999652,
        0.1721999996556,
        0.17119999965760002,
        0.165999999668,
        0.16539999966920002,
        0.16619999966760002,
        0.1751999996496,
        0.1665999996668,
        0.181999999636,
        0.1685999996628,
        0.1723999996552
    ],
    "blue_picks_coin_b": [
        0.15319999969360001,
        0.145999999708,
        0.1511999996976,
        0.1521999996956,
        0.1453999997092,
        0.156999999686,
        0.1513999996972,
        0.1627999996744,
        0.15319999969360001,
        0.14879999970240002,
        0.1527999996944,
        0.1507999996984,
        0.16399999967200002,
        0.14939999970120002,
        0.1565999996868,
        0.1585999996828,
        0.1585999996828,
        0.16099999967800002,
        0.15239999969520002,
        0.1583999996832,
        0.16699999966600002,
        0.1605999996788,
        0.1563999996872,
        0.1561999996876,
        0.1657999996684,
        0.1627999996744,
        0.1645999996708,
        0.1687999996624,
        0.1663999996672,
        0.156999999686,
        0.17199999965600002,
        0.16499999967,
        0.17339999965320002,
        0.1663999996672,
        0.1655999996688,
        0.16399999967200002,
        0.1681999996636
    ],
    "red_reward_a": [
        0.0047999999904,
        0.013199999973600001,
        0.0025999999948,
        0.0027999999944000003,
        0.0133999999732,
        0.002999999994,
        -0.00019999999960000002,
        -0.008799999982400001,
        0.004599999990800001,
        0.0167999999664,
        0.0007999999984000001,
        0.0133999999732,
        0.0,
        0.015999999968,
        -0.005999999988,
        -0.0025999999948,
        0.0031999999936000003,
        0.008999999982,
        0.0125999999748,
        0.0093999999812,
        -0.0023999999952,
        0.0061999999876,
        0.008199999983600001,
        0.002999999994,
        -0.0035999999928,
        0.001999999996,
        0.012799999974400001,
        0.0033999999932,
        0.005599999988800001,
        0.013999999972,
        -0.013799999972400001,
        0.0005999999988,
        0.0015999999968000001,
        0.000999999998,
        0.021599999956800002,
        0.008199999983600001,
        0.009199999981600001
    ],
    "blue_reward_b": [
        -0.0007999999984000001,
        -0.007599999984800001,
        -0.010799999978400001,
        0.0025999999948,
        -0.01499999997,
        -0.008199999983600001,
        -0.008199999983600001,
        0.0227999999544,
        -0.0115999999768,
        -0.0023999999952,
        -0.0023999999952,
        -0.0035999999928,
        -0.008799999982400001,
        -0.00499999999,
        -0.0105999999788,
        0.0057999999884,
        0.0021999999956000002,
        -0.000999999998,
        -0.018399999963200003,
        -0.011999999976,
        0.006999999986,
        0.0025999999948,
        -0.0103999999792,
        -0.0125999999748,
        0.0033999999932,
        0.001999999996,
        -0.0073999999852000006,
        -0.0015999999968000001,
        -0.0023999999952,
        -0.0053999999892000005,
        0.0015999999968000001,
        -0.0005999999988,
        -0.0013999999972000002,
        -0.0027999999944000003,
        -0.012799999974400001,
        -0.0007999999984000001,
        -0.0013999999972000002
    ]
}