{
    "red_p_own_coin_a": [
        0.5053304850177986,
        0.530956838068352,
        0.5242566428128851
    ],
    "blue_p_own_coin_b": [
        0.5055309678591707,
        0.5152354499274868,
        0.5307376940422603
    ],
    "red_picks_coin_a": [
        0.15633333307277777,
        0.08883333318527778,
        0.10649999982250001
    ],
    "blue_picks_coin_b": [
        0.15066666641555557,
        0.12033333313277779,
        0.08133333319777779
    ],
    "red_reward_a": [
        -0.4926666658455556,
        -0.5278333324536111,
        -0.4698333325502778
    ],
    "blue_reward_b": [
        -0.50399999916,
        -0.46299999922833335,
        -0.5199999991333334
    ]
}