{
    "red_p_own_coin_a": [
        0.49222797289860143
    ],
    "blue_p_own_coin_b": [
        0.49744897324682436
    ],
    "red_picks_coin_a": [
        0.1543999996912
    ],
    "blue_picks_coin_b": [
        0.15679999968640002
    ],
    "red_reward_a": [
        -0.0031999999936000003
    ],
    "blue_reward_b": [
        0.0
    ]
}