{
    "red_p_own_coin_a": [
        0.5153373916970925
    ],
    "blue_p_own_coin_b": [
        0.5359476773890407
    ],
    "red_reward_a": [
        0.004666666656296297
    ],
    "blue_reward_b": [
        -0.0011111111086419753
    ]
}