{
    "red_p_own_coin_a": [
        0.49356725001880924,
        0.399999840000064,
        0.5067264498247168,
        0.4583331423611907,
        0.399999840000064,
        0.6315786149586237,
        0.5499997250001375,
        0.49999979166675346,
        0.3999998666667111,
        0.6538459023669606,
        0.4545452479339782,
        0.49999975000012503,
        0.5217389035917811,
        0.523809274376536,
        0.29032248699274615,
        0.49999979166675346,
        0.40909072314058037,
        0.3448274673008733
    ],
    "blue_p_own_coin_b": [
        0.4931921316393582,
        0.5099999898000003,
        0.517205416921737,
        0.4999998529412197,
        0.5925923731139359,
        0.51724120095131,
        0.583333090277879,
        0.5806449739854923,
        0.4399998240000704,
        0.5185183264746939,
        0.4827584542212227,
        0.4782606616257993,
        0.2916665451389395,
        0.42857127551025875,
        0.6538459023669606,
        0.3235293166090245,
        0.6249997395834419,
        0.5499997250001375
    ],
    "red_picks_coin_a": [
        0.15199999993244445,
        0.001111111110617284,
        0.02973333332011852,
        0.0010666666661925926,
        0.001111111110617284,
        0.0008444444440691358,
        0.0008888888884938271,
        0.0010666666661925926,
        0.0013333333327407407,
        0.0011555555550419752,
        0.00097777777734321,
        0.0008888888884938271,
        0.0010222222217679013,
        0.0009333333329185185,
        0.0013777777771654322,
        0.0010666666661925926,
        0.00097777777734321,
        0.0012888888883160494
    ],
    "blue_picks_coin_b": [
        0.14688888882360493,
        0.02222222221234568,
        0.04262222220327901,
        0.0015111111104395062,
        0.0011999999994666668,
        0.0012888888883160494,
        0.0010666666661925926,
        0.0013777777771654322,
        0.001111111110617284,
        0.0011999999994666668,
        0.0012888888883160494,
        0.0010222222217679013,
        0.0010666666661925926,
        0.001244444443891358,
        0.0011555555550419752,
        0.0015111111104395062,
        0.0010666666661925926,
        0.0008888888884938271
    ],
    "red_reward_a": [
        -0.49688888866804937,
        -0.5206666664352593,
        -0.5114222219949235,
        -0.5004444442220247,
        -0.4998666664445037,
        -0.5003999997776,
        -0.49999999977777776,
        -0.5000888886666272,
        -0.4999111108889284,
        -0.49999999977777776,
        -0.5003555553331753,
        -0.5001777775554765,
        -0.5004888886664494,
        -0.5004888886664494,
        -0.4994222220002568,
        -0.500977777555121,
        -0.49982222200007903,
        -0.49951111088910616
    ],
    "blue_reward_b": [
        -0.5070666664413037,
        -0.4791111108981728,
        -0.4867111108947951,
        -0.49964444422238025,
        -0.5001333331110519,
        -0.49933333311140743,
        -0.49973333311122964,
        -0.49968888866680494,
        -0.5004888886664494,
        -0.49959999977795555,
        -0.49977777755565433,
        -0.4998666664445037,
        -0.4999111108889284,
        -0.49964444422238025,
        -0.5007999997774222,
        -0.49955555533353085,
        -0.5000888886666272,
        -0.5007999997774222
    ]
}