{
    "red_p_own_coin_a": [
        0.5167037804375971
    ],
    "blue_p_own_coin_b": [
        0.5131995721943023
    ],
    "red_picks_coin_a": [
        0.14966666641722223
    ],
    "blue_picks_coin_b": [
        0.15783333307027778
    ],
    "red_reward_a": [
        -0.50399999916
    ],
    "blue_reward_b": [
        -0.48683333252194444
    ]
}