{
    "red_p_own_coin_a": [
        0.4933333004444466
    ],
    "blue_p_own_coin_b": [
        0.5106382616568609
    ],
    "red_reward_a": [
        0.002666666660740741
    ],
    "blue_reward_b": [
        -0.0024444444390123456
    ]
}