{
    "red_p_own_coin_a": [
        0.5152173857041589,
        0.49694500006222,
        0.48571427503924675,
        0.46153842209073315,
        0.5413533427553877,
        0.4615382840237369,
        0.49999980769238167,
        0.4827585374554246,
        0.49999996376811856,
        0.4961831682302925,
        0.45033109600456317,
        0.5031446224437345,
        0.4661653784838061,
        0.5042016383023833,
        0.5090908628099216,
        0.4470587709342622,
        0.4631578459833846,
        0.5294117024221526,
        0.46666660444445274,
        0.4936708235859717,
        0.5294117024221526,
        0.5348836587344583,
        0.4933332675555643,
        0.5535713791454125,
        0.522727213326453,
        0.5111110543209939,
        0.5402298229620893,
        0.577464707399337,
        0.5070421821067349,
        0.4725274206013823,
        0.5789472922437773,
        0.48314601312966143,
        0.5164834597270923,
        0.487804818560388,
        0.4935064294147494,
        0.5211266871652553,
        0.579545388688024,
        0.5441175670415342,
        0.5411764069204227,
        0.5499999450000055,
        0.4473683621883734,
        0.5131578272160754,
        0.5068492456370897,
        0.5063290498317659,
        0.5499999312500086,
        0.48437492431641804,
        0.5853657822724656,
        0.487804818560388,
        0.5333332740740806,
        0.48484841138660434,
        0.4874999390625076,
        0.5604394988528023,
        0.5873014940791279,
        0.5108695096880967,
        0.5616437586789371,
        0.4722221566358116,
        0.5121950594884074,
        0.4999999193548517
    ],
    "blue_p_own_coin_b": [
        0.5052854069208731,
        0.49942725659304404,
        0.48652290449430047,
        0.4994413352017728,
        0.5127388371739224,
        0.5211864185937958,
        0.5125627883134277,
        0.5139664517337178,
        0.5526314335180438,
        0.49999980769238167,
        0.42857127551025875,
        0.620689441141572,
        0.5909088223141716,
        0.3999998666667111,
        0.41176458477512207,
        0.3636361983471826,
        0.6249997395834419,
        0.6799997280001088,
        0.5263155124655198,
        0.5652171455577628,
        0.36842085872586383,
        0.5714282993198575,
        0.6086953875237445,
        0.6086953875237445,
        0.6086953875237445,
        0.39393927456385613,
        0.4444442798354519,
        0.466666511111163,
        0.599999760000096,
        0.49999980769238167,
        0.5925923731139359,
        0.49999980769238167,
        0.49999977272737606,
        0.49999979166675346,
        0.3499998250000875,
        0.6363634435262292,
        0.6315786149586237,
        0.5652171455577628,
        0.4799998080000768,
        0.43478241965981757,
        0.3461537130178027,
        0.4799998080000768,
        0.31578930747931183,
        0.6249997395834419,
        0.4736839612189678,
        0.3333331746032502,
        0.6521736294897263,
        0.599999760000096,
        0.5999998000000667,
        0.3913041776938358,
        0.4615382840237369,
        0.4687498535156707,
        0.5909088223141716,
        0.599999760000096,
        0.619047324263179,
        0.5555554012346107,
        0.5428569877551463,
        0.5416664409723163
    ],
    "red_picks_coin_a": [
        0.15333333307777777,
        0.08183333319694445,
        0.07583333320694445,
        0.0194999999675,
        0.022166666629722224,
        0.004333333326111111,
        0.004333333326111111,
        0.009666666650555556,
        0.022999999961666667,
        0.021833333296944445,
        0.025166666624722223,
        0.026499999955833336,
        0.022166666629722224,
        0.01983333330027778,
        0.01833333330277778,
        0.014166666643055556,
        0.015833333306944444,
        0.014166666643055556,
        0.012499999979166667,
        0.013166666644722222,
        0.014166666643055556,
        0.014333333309444446,
        0.012499999979166667,
        0.018666666635555558,
        0.014666666642222223,
        0.014999999975,
        0.014499999975833334,
        0.011833333313611112,
        0.011833333313611112,
        0.015166666641388889,
        0.012666666645555557,
        0.014833333308611111,
        0.015166666641388889,
        0.01366666664388889,
        0.012833333311944445,
        0.011833333313611112,
        0.014666666642222223,
        0.011333333314444445,
        0.014166666643055556,
        0.01666666663888889,
        0.012666666645555557,
        0.012666666645555557,
        0.01216666664638889,
        0.013166666644722222,
        0.013333333311111112,
        0.010666666648888889,
        0.01366666664388889,
        0.01366666664388889,
        0.014999999975,
        0.010999999981666668,
        0.013333333311111112,
        0.015166666641388889,
        0.010499999982500001,
        0.015333333307777778,
        0.01216666664638889,
        0.01199999998,
        0.01366666664388889,
        0.010333333316111111
    ],
    "blue_picks_coin_b": [
        0.1576666664038889,
        0.1454999997575,
        0.12366666646055556,
        0.14916666641805557,
        0.05233333324611111,
        0.03933333326777778,
        0.03316666661138889,
        0.029833333283611114,
        0.0063333333227777785,
        0.004333333326111111,
        0.0046666666588888895,
        0.004833333325277778,
        0.003666666660555556,
        0.004999999991666667,
        0.005666666657222223,
        0.003666666660555556,
        0.003999999993333334,
        0.0041666666597222225,
        0.0031666666613888892,
        0.0038333333269444446,
        0.0031666666613888892,
        0.0034999999941666667,
        0.0038333333269444446,
        0.0038333333269444446,
        0.0038333333269444446,
        0.005499999990833334,
        0.0044999999925,
        0.004999999991666667,
        0.0041666666597222225,
        0.004333333326111111,
        0.0044999999925,
        0.004333333326111111,
        0.003666666660555556,
        0.003999999993333334,
        0.003333333327777778,
        0.005499999990833334,
        0.0031666666613888892,
        0.0038333333269444446,
        0.0041666666597222225,
        0.0038333333269444446,
        0.004333333326111111,
        0.0041666666597222225,
        0.0031666666613888892,
        0.003999999993333334,
        0.0031666666613888892,
        0.0034999999941666667,
        0.0038333333269444446,
        0.0041666666597222225,
        0.004999999991666667,
        0.0038333333269444446,
        0.004333333326111111,
        0.005333333324444444,
        0.003666666660555556,
        0.0041666666597222225,
        0.0034999999941666667,
        0.00599999999,
        0.0058333333236111114,
        0.003999999993333334
    ],