{
    "cooperation_a": [
        0.6837999986324,
        0.8795999982408,
        0.9419999981160001,
        0.9577999980844001,
        0.9763999980472,
        0.981999998036,
        0.9879999980240001,
        0.9905999980188,
        0.9909999980180001,
        0.9927999980144001,
        0.9905999980188,
        0.9931999980136,
        0.991999998016
    ],
    "cooperation_b": [
        0.4831999990336,
        0.8483999983032,
        0.9319999981360001,
        0.9687999980624,
        0.9765999980468001,
        0.9833999980332001,
        0.988999998022,
        0.991999998016,
        0.9915999980168001,
        0.9915999980168001,
        0.9923999980152001,
        0.9931999980136,
        0.9933999980132
    ],
    "reward_a": [
        -1.1155999977688,
        -1.0891999978216,
        -1.047999997904,
        -1.0531999978936,
        -1.0237999979524,
        -1.0193999979612,
        -1.012999997974,
        -1.0107999979784001,
        -1.0095999979808001,
        -1.005999997988,
        -1.0111999979776,
        -1.0067999979864,
        -1.0093999979812
    ],
    "reward_b": [
        -1.7173999965652,
        -1.1827999976344001,
        -1.077999997844,
        -1.0201999979596001,
        -1.0231999979536,
        -1.0151999979696,
        -1.00999999798,
        -1.0065999979868,
        -1.0077999979844001,
        -1.0095999979808001,
        -1.0057999979884,
        -1.0067999979864,
        -1.0051999979896
    ]
}