{
    "cooperation_a": [
        0.3077777743580247,
        0.581111104654321,
        0.9077777676913582,
        0.935555545160494,
        0.9633333226296298,
        0.9744444336172841,
        0.9733333225185187,
        0.9833333224074076,
        0.9822222113086422,
        0.9888888779012347,
        0.9977777666913582,
        0.9944444333950618,
        0.9922222111975311,
        0.9944444333950618,
        0.9877777668024693,
        0.9944444333950618,
        0.9933333222962965,
        0.9944444333950618,
        0.9966666555925927,
        0.9911111000987656,
        0.9899999890000002,
        0.9888888779012347,
        0.9933333222962965,
        0.9922222111975311,
        0.9888888779012347,
        0.9944444333950618,
        0.9899999890000002,
        0.9977777666913582,
        0.9955555444938273,
        0.9966666555925927,
        0.9988888777901236,
        0.9966666555925927,
        0.9977777666913582,
        0.9955555444938273,
        0.9988888777901236,
        0.9955555444938273,
        0.9922222111975311,
        0.9955555444938273,
        0.9944444333950618,
        0.9944444333950618,
        0.9966666555925927,
        0.9977777666913582,
        0.9988888777901236,
        0.9977777666913582,
        0.9955555444938273,
        0.9933333222962965,
        0.9977777666913582,
        0.9966666555925927,
        0.9966666555925927,
        0.9988888777901236,
        0.9977777666913582,
        0.9988888777901236,
        0.9966666555925927,
        0.9977777666913582,
        0.9977777666913582,
        0.9988888777901236,
        0.9988888777901236,
        0.9966666555925927,
        0.9955555444938273,
        0.9977777666913582,
        0.9922222111975311,
        0.9966666555925927,
        0.9988888777901236,
        0.9988888777901236,
        0.9977777666913582,
        0.9977777666913582,
        0.9955555444938273,
        0.9988888777901236,
        0.9966666555925927,
        0.9988888777901236,
        0.9944444333950618,
        0.9977777666913582,
        0.9988888777901236,
        0.9988888777901236,
        0.9988888777901236,
        0.9977777666913582,
        0.9988888777901236,
        0.9966666555925927,
        0.9988888777901236,
        0.9999999888888891,
        0.9977777666913582,
        0.9999999888888891,
        0.9999999888888891,
        0.9988888777901236,
        0.9988888777901236
    ],
    "cooperation_b": [
        0.5433333272962964,
        0.017777777580246915,
        0.023333333074074078,
        0.023333333074074078,
        0.02555555527160494,
        0.0344444440617284,
        0.04999999944444445,
        0.06111111043209878,
        0.06444444372839507,
        0.08222222130864199,
        0.12888888745679014,
        0.1755555536049383,
        0.20333333107407411,
        0.27999999688888894,
        0.3133333298518519,
        0.34999999611111116,
        0.4366666618148149,
        0.48666666125925934,
        0.5944444378395063,
        0.7066666588148149,
        0.8166666575925927,
        0.8911111012098767,
        0.8888888790123458,
        0.9399999895555557,
        0.9266666563703705,
        0.9611111004320989,
        0.9411111006543211,
        0.966666655925926,
        0.9766666558148149,
        0.9766666558148149,
        0.984444433506173,
        0.9766666558148149,
        0.9799999891111113,
        0.9855555446049384,
        0.9877777668024693,
        0.984444433506173,
        0.9788888780123458,
        0.9899999890000002,
        0.9777777669135804,
        0.9855555446049384,
        0.9944444333950618,
        0.9777777669135804,
        0.9922222111975311,
        0.9899999890000002,
        0.9933333222962965,
        0.9822222113086422,
        0.9855555446049384,
        0.9944444333950618,
        0.9922222111975311,
        0.9944444333950618,
        0.9911111000987656,
        0.9933333222962965,
        0.9933333222962965,
        0.9922222111975311,
        0.9933333222962965,
        0.9922222111975311,
        0.9922222111975311,
        0.9911111000987656,
        0.9955555444938273,
        0.9933333222962965,
        0.9933333222962965,
        0.9955555444938273,
        0.9955555444938273,
        0.9922222111975311,
        0.9977777666913582,
        0.9944444333950618,
        0.9988888777901236,
        0.9977777666913582,
        0.9944444333950618,
        0.9955555444938273,
        0.9911111000987656,
        0.9988888777901236,
        0.9999999888888891,
        0.9988888777901236,
        0.9955555444938273,
        0.9955555444938273,
        0.9955555444938273,
        0.9966666555925927,
        0.9922222111975311,
        0.9933333222962965,
        0.9988888777901236,
        0.9944444333950618,
        0.9999999888888891,
        0.9966666555925927,
        0.9977777666913582
    ],
    "reward_a": [
        -1.927777756358025,
        -0.8555555460493829,
        -0.20777777546913584,
        -0.15222222053086423,
        -0.09888888779012348,
        -0.08555555460493829,
        -0.1033333321851852,
        -0.09444444339506174,
        -0.0999999988888889,
        -0.10444444328395064,
        -0.13333333185185187,
        -0.18666666459259262,
        -0.21888888645679017,
        -0.29111110787654326,
        -0.3377777740246914,
        -0.3611111070987655,
        -0.44999999500000004,
        -0.49777777224691366,
        -0.6011111044320988,
        -0.7244444363950618,
        -0.8366666573703705,
        -0.9133333231851853,
        -0.902222212197531,
        -0.9555555449382718,
        -0.9488888783456791,
        -0.9722222114197532,
        -0.9611111004320989,
        -0.9711111003209878,
        -0.9855555446049384,
        -0.9833333224074076,
        -0.9866666557037038,
        -0.9833333224074076,
        -0.984444433506173,
        -0.9944444333950618,
        -0.9899999890000002,
        -0.9933333222962965,
        -0.9944444333950618,
        -0.9988888777901236,
        -0.9888888779012347,
        -0.9966666555925927,
        -1.0011110999876545,
        -0.9822222113086422,
        -0.9944444333950618,
        -0.9944444333950618,
        -1.0022222110864198,
        -0.9955555444938273,
        -0.9899999890000002,
        -1.0011110999876545,
        -0.9988888777901236,
        -0.9966666555925927,
        -0.9955555444938273,
        -0.9955555444938273,
        -0.9999999888888891,
        -0.9966666555925927,
        -0.9977777666913582,
        -0.9944444333950618,
        -0.9944444333950618,
        -0.9977777666913582,
        -1.0044444332839508,
        -0.9977777666913582,
        -1.0088888776790126,
        -1.0022222110864198,
        -0.9977777666913582,
        -0.9944444333950618,
        -1.0022222110864198,
        -0.9988888777901236,
        -1.007777766580247,
        -0.9999999888888891,
        -1.0011110999876545,
        -0.9977777666913582,
        -1.0022222110864198,
        -1.0033333221851852,
        -1.0022222110864198,
        -1.0011110999876545,
        -0.9977777666913582,
        -0.9999999888888891,
        -0.9977777666913582,
        -1.0033333221851852,
        -0.9944444333950618,
        -0.9933333222962965,
        -1.0033333221851852,
        -0.9944444333950618,
        -0.9999999888888891,
        -0.9988888777901236,
        -0.9999999888888891
    ],