{
    "red_p_own_coin_a": [
        0.49999987500003124,
        0.4722220910494191,
        0.47368408587260896,
        0.466666562962986,
        0.5714283673470116,
        0.5142855673469807,
        0.6249997395834419,
        0.6111109413580718,
        0.40740725651583093,
        0.4999998437500488,
        0.5483869198751872,
        0.6333331222222927,
        0.4615383431952966,
        0.45161275754427177,
        0.6249997395834419,
        0.4999998333333889,
        0.44117634083048796,
        0.5624998242188048,
        0.399999840000064,
        0.3913041776938358,
        0.5769228550296711,
        0.4782606616257993,
        0.564102419460918,
        0.5454542975207739,
        0.4499997750001125,
        0.4615382840237369,
        0.4864863550036878,
        0.45161275754427177,
        0.5862066944114847,
        0.5185183264746939,
        0.5999998000000667,
        0.49999987500003124,
        0.43478241965981757,
        0.5454543801653393,
        0.4999998333333889,
        0.5357140943878235,
        0.3666665444444852,
        0.42857112244919826,
        0.5384613313610264,
        0.4799998080000768,
        0.51724120095131,
        0.5454542975207739,
        0.3783782761139794,
        0.4999998214286352,
        0.49999977272737606,
        0.4242422956841528,
        0.4583331423611907,
        0.4827584542212227,
        0.4799998080000768,
        0.6071426403061999,
        0.4399998240000704,
        0.5599997760000897,
        0.4799998080000768,
        0.5909088223141716,
        0.49999972222237654,
        0.4399998240000704,
        0.433333188888937,
        0.5999998000000667,
        0.4687498535156707,
        0.4999998333333889,
        0.6399997440001024,
        0.7058819377165072,
        0.36842085872586383
    ],
    "blue_p_own_coin_b": [
        0.49999987500003124,
        0.464285548469447,
        0.5312498339844268,
        0.4814813031550729,
        0.39285700255107053,
        0.7199997120001153,
        0.6176468771626832,
        0.4999998437500488,
        0.49999979166675346,
        0.5416664409723163,
        0.4705880968858538,
        0.5666664777778407,
        0.5714284081633119,
        0.45454531680444943,
        0.6363634435262292,
        0.4615382840237369,
        0.42857127551025875,
        0.484848337924746,
        0.4444442798354519,
        0.45161275754427177,
        0.5652171455577628,
        0.5263156509695655,
        0.5357140943878235,
        0.5312498339844268,
        0.5199997920000832,
        0.42857130612248395,
        0.516128865764882,
        0.4857141469388151,
        0.599999760000096,
        0.5624996484377197,
        0.5357140943878235,
        0.3913041776938358,
        0.5357140943878235,
        0.5925923731139359,
        0.6363634435262292,
        0.5454543801653393,
        0.3636361983471826,
        0.464285548469447,
        0.4615382840237369,
        0.5348835965386984,
        0.5925923731139359,
        0.49999977272737606,
        0.4799998080000768,
        0.5333331555556148,
        0.5714283673470116,
        0.44117634083048796,
        0.5769228550296711,
        0.5454542975207739,
        0.43478241965981757,
        0.5357140943878235,
        0.4799998080000768,
        0.6129030280957974,
        0.41935470343396664,
        0.6129030280957974,
        0.5555552469137517,
        0.4482757074911354,
        0.3999998000001,
        0.5428569877551463,
        0.4545452479339782,
        0.5416664409723163,
        0.4999998437500488,
        0.5652171455577628,
        0.4374997265626709
    ],
    "red_reward_a": [
        -6.622222148641976,
        -5.626666604148149,
        -5.791111046765433,
        -6.28333326351852,
        -4.802222168864199,
        -3.961111067098766,
        -3.639999959555556,
        -4.95999994488889,
        -4.636666615148149,
        -4.464444394839507,
        -5.298888830012347,
        -3.966666622592593,
        -5.9566666004814826,
        -5.798888824456791,
        -3.4733332947407414,
        -4.799999946666667,
        -5.795555491160495,
        -5.131111054098766,
        -4.9722221669753095,
        -5.141111053987655,
        -3.4711110725432106,
        -4.97444438917284,
        -4.956666611592594,
        -4.1422221761975315,
        -3.811111068765433,
        -5.637777715135804,
        -5.625555493049384,
        -5.798888824456791,
        -3.6344444040617288,
        -3.30333329662963,
        -4.1333332874074085,
        -5.622222159753087,
        -4.307777729913581,
        -4.296666618925927,
        -4.4666666170370375,
        -4.635555504049384,
        -5.466666605925926,
        -3.817777735358025,
        -4.304444396617285,
        -5.4722221614197535,
        -4.134444398506173,
        -3.475555516938272,
        -5.958888822679013,
        -4.635555504049384,
        -3.8088888465679016,
        -6.296666596703704,
        -3.973333289185186,
        -4.134444398506173,
        -4.30555550771605,
        -3.9688888447901243,
        -4.472222172530865,
        -3.8055555132716057,
        -5.1388888317901245,
        -3.475555516938272,
        -2.8133333020740743,
        -4.9722221669753095,
        -4.799999946666667,
        -4.6333332818518524,
        -4.797777724469136,
        -4.2999999522222225,
        -4.138888842901236,
        -2.4811110835432104,
        -3.4788888502345685
    ],
    "blue_reward_b": [
        -6.622222148641976,
        -5.6355554929382725,
        -5.797777713358026,
        -6.303333263296297,
        -4.802222168864199,
        -3.97222217808642,
        -3.6288888485679016,
        -4.964444389283951,
        -4.639999948444445,
        -4.47333328362963,
        -5.29555549671605,
        -3.966666622592593,
        -5.961111044876544,
        -5.79666660225926,
        -3.4633332948518523,
        -4.804444391061729,
        -5.8022221577530875,
        -5.1299999430000005,
        -4.969999944777778,
        -5.132222165197532,
        -3.4744444058395065,
        -4.957777722691358,
        -4.968888833679013,
        -4.131111065209877,
        -3.8055555132716057,
        -5.627777715246914,
        -5.632222159641977,
        -5.794444380061729,
        -3.6388888484567907,
        -3.31555551871605,
        -4.135555509604939,
        -5.6411110484321,
        -4.302222174419754,
        -4.303333285518519,
        -4.463333283740742,
        -4.6299999485555565,
        -5.47555549471605,
        -3.8022221799753093,
        -4.304444396617285,
        -5.452222161641976,
        -4.136666620703704,
        -3.475555516938272,
        -5.972222155864198,
        -4.6333332818518524,
        -3.8022221799753093,
        -6.29555548560494,
        -3.971111066987655,
        -4.1422221761975315,
        -4.307777729913581,
        -3.9688888447901243,
        -4.472222172530865,
        -3.798888846679013,
        -5.132222165197532,
        -3.465555517049383,
        -2.8133333020740743,
        -4.967777722580248,
        -4.811111057654322,
        -4.627777726358025,
        -4.8088888354567905,
        -4.306666618814815,
        -4.131111065209877,
        -2.4744444169506177,
        -3.482222183530865
    ]
}