{
    "red_p_own_coin_a": [
        0.4866962252029243,
        0.4886649812510708,
        0.4880952297942988,
        0.4864048191418484,
        0.40449433657367,
        0.5048543444245464,
        0.5134099420149448,
        0.5181818024793393
    ],
    "blue_p_own_coin_b": [
        0.48744769364594465,
        0.49376557987823466,
        0.4774999940312501,
        0.4847560827818268,
        0.49275360890569253,
        0.4999996875001953,
        0.6399997440001024,
        0.5199997920000832
    ],
    "red_picks_coin_a": [
        0.1503333330827778,
        0.13233333311277778,
        0.09799999983666667,
        0.055166666574722224,
        0.014833333308611111,
        0.034333333276111114,
        0.043499999927500005,
        0.05499999990833333
    ],
    "blue_picks_coin_b": [
        0.15933333306777778,
        0.1336666664438889,
        0.13333333311111112,
        0.05466666657555556,
        0.05749999990416667,
        0.002666666662222222,
        0.0041666666597222225,
        0.0041666666597222225
    ],
    "red_reward_a": [
        -0.512999999145,
        -0.5029999991616667,
        -0.5413333324311111,
        -0.5011666658313889,
        -0.5434999990941667,
        -0.4683333325527778,
        -0.4594999992341667,
        -0.44899999925166667
    ],
    "blue_reward_b": [
        -0.49499999917500004,
        -0.5016666658305555,
        -0.4669999992216667,
        -0.5019999991633334,
        -0.4601666658997222,
        -0.5313333324477778,
        -0.5381666657697223,
        -0.5488333324186111
    ]
}