{
    "red_p_own_coin_a": [
        0.5027026972680789
    ],
    "blue_p_own_coin_b": [
        0.5058823475306701
    ],
    "red_picks_coin_a": [
        0.15416666640972224
    ],
    "blue_picks_coin_b": [
        0.1558333330736111
    ],
    "red_reward_a": [
        -0.4998333325002778
    ],
    "blue_reward_b": [
        -0.4974999991708334
    ]
}