{
    "red_p_own_coin_a": [
        0.4989200810051827,
        0.4793187289620593,
        0.5078236058631066,
        0.5029585699613695,
        0.4838708116545769,
        0.4399999120000176,
        0.5111109975308894,
        0.5999998500000374,
        0.5222929603635057,
        0.512499967968752,
        0.512077269947958,
        0.5443037630187492
    ],
    "blue_p_own_coin_b": [
        0.4854166616102431,
        0.4763157769390585,
        0.5295698782373689,
        0.5172413198573196,
        0.5056179207170876,
        0.3461537130178027,
        0.49999979166675346,
        0.5384614694280168,
        0.5499997250001375,
        0.6363634435262292,
        0.3999998857143183,
        0.4444441975310014
    ],
    "red_picks_coin_a": [
        0.1543333330761111,
        0.1369999997716667,
        0.11716666647138889,
        0.08449999985916667,
        0.005166666658055556,
        0.008333333319444445,
        0.0074999999875,
        0.006666666655555556,
        0.026166666623055557,
        0.026666666622222224,
        0.0344999999425,
        0.026333333289444445
    ],
    "blue_picks_coin_b": [
        0.15999999973333334,
        0.06333333322777777,
        0.06199999989666667,
        0.014499999975833334,
        0.014833333308611111,
        0.004333333326111111,
        0.003999999993333334,
        0.012999999978333334,
        0.003333333327777778,
        0.005499999990833334,
        0.0058333333236111114,
        0.002999999995
    ],
    "red_reward_a": [
        -0.5103333324827778,
        -0.4293333326177778,
        -0.4411666659313889,
        -0.4294999992841667,
        -0.5094999991508333,
        -0.49733333250444445,
        -0.49649999917250004,
        -0.5053333324911111,
        -0.47683333253861115,
        -0.4773333325377778,
        -0.4724999992125,
        -0.476999999205
    ],
    "blue_reward_b": [
        -0.49466666584222224,
        -0.5793333323677778,
        -0.5533333324111112,
        -0.5694999990508334,
        -0.49049999918250003,
        -0.5049999991583334,
        -0.5033333324944445,
        -0.4923333325127778,
        -0.5216666657972222,
        -0.5204999991325,
        -0.5278333324536111,
        -0.5209999991316667
    ]
}