{
    "red_p_own_coin_a": [
        0.49417248841290806,
        0.5032119860469809,
        0.5045871096709074,
        0.2999999250000187,
        0.39473673822717414,
        0.348837128177412,
        0.433333188888937,
        0.5333332148148411
    ],
    "blue_p_own_coin_b": [
        0.49278578809338747,
        0.49532709701720684,
        0.5059665750365973,
        0.4545452479339782,
        0.3870966493236615,
        0.3913041776938358,
        0.4374998632812927,
        0.6315786149586237
    ],
    "red_picks_coin_a": [
        0.14299999976166666,
        0.15566666640722224,
        0.01816666663638889,
        0.006666666655555556,
        0.0063333333227777785,
        0.007166666654722223,
        0.004999999991666667,
        0.0074999999875
    ],
    "blue_picks_coin_b": [
        0.1501666664163889,
        0.1426666664288889,
        0.06983333321694445,
        0.003666666660555556,
        0.005166666658055556,
        0.0038333333269444446,
        0.005333333324444444,
        0.0031666666613888892
    ],
    "red_reward_a": [
        -0.5093333324844445,
        -0.48833333251944444,
        -0.5508333324152778,
        -0.49733333250444445,
        -0.4999999991666667,
        -0.4974999991708334,
        -0.500999999165,
        -0.4948333325086111
    ],
    "blue_reward_b": [
        -0.49449999917583337,
        -0.5119999991466667,
        -0.44816666591972226,
        -0.5056666658238889,
        -0.5024999991625,
        -0.5054999991575,
        -0.5003333324994444,
        -0.5038333324936112
    ]
}