{
    "red_p_own_coin_a": [
        0.5481927380606785
    ],
    "blue_p_own_coin_b": [
        0.5092024227483176
    ],
    "red_reward_a": [
        0.0013333333303703705
    ],
    "blue_reward_b": [
        0.002888888882469136
    ]
}