{
    "red_p_own_coin_a": [
        0.5048275792437575,
        0.5925923731139359,
        0.5714282993198575,
        0.49999980769238167,
        0.5384613313610264,
        0.5517239476813973,
        0.5135133747261149,
        0.5882349480970893,
        0.3999998000001,
        0.6666663888890046,
        0.39393927456385613,
        0.4827584542212227,
        0.41379296076104805,
        0.5384613313610264,
        0.4615382840237369,
        0.6071426403061999,
        0.6956518714557081,
        0.4499997750001125,
        0.4799998080000768,
        0.4444441975310014,
        0.5499997250001375,
        0.4999998333333889,
        0.31578930747931183,
        0.49999986111114963,
        0.5428569877551463,
        0.5999998000000667,
        0.624999804687561,
        0.5483869198751872,
        0.6538459023669606,
        0.6451610822061026,
        0.3749998437500651,
        0.5517239476813973,
        0.5714282993198575,
        0.41176458477512207,
        0.4499997750001125,
        0.6086953875237445,
        0.5714283673470116,
        0.5882351211073172,
        0.6086953875237445,
        0.5185183264746939,
        0.4999998333333889,
        0.5517239476813973,
        0.5555552469137517,
        0.433333188888937,
        0.5185183264746939
    ],
    "blue_p_own_coin_b": [
        0.5100671072474214,
        0.14285693877580175,
        0.5555549382722909,
        0.4999991666680556,
        0.571427755103207,
        0.5333329777780148,
        0.49999964285739795,
        0.3636360330581518,
        0.4999991666680556,
        0.35714260204099857,
        0.49999950000050003,
        0.37499953125058594,
        0.5454540495872277,
        0.24999968750039064,
        0.0,
        0.6666644444518518,
        0.4999993750007813,
        0.571427755103207,
        0.4999993750007813,
        0.666665925926749,
        0.6153841420121985,
        0.8181810743808415,
        0.571427755103207,
        0.5999994000006,
        0.3333329629633745,
        0.6428566836737974,
        0.44444395061783265,
        0.49999950000050003,
        0.7142846938790088,
        0.7777769135812072,
        0.4999991666680556,
        0.2857138775516035,
        0.3333329629633745,
        0.6666655555574075,
        0.0,
        0.7142846938790088,
        0.49999875000312505,
        0.45454504132268975,
        0.37499953125058594,
        0.7499990625011719,
        0.2727270247936138,
        0.5999994000006,
        0.37499953125058594,
        0.4285708163274053,
        0.5454540495872277
    ],
    "red_picks_coin_a": [
        0.14499999971000002,
        0.0053999999892000005,
        0.0041999999916,
        0.0051999999896,
        0.0051999999896,
        0.0057999999884,
        0.0073999999852000006,
        0.0033999999932,
        0.003999999992,
        0.0047999999904,
        0.006599999986800001,
        0.0057999999884,
        0.0057999999884,
        0.0051999999896,
        0.0051999999896,
        0.005599999988800001,
        0.004599999990800001,
        0.003999999992,
        0.00499999999,
        0.0035999999928,
        0.003999999992,
        0.005999999988,
        0.0037999999924000004,
        0.0071999999856,
        0.006999999986,
        0.005999999988,
        0.0063999999872000005,
        0.0061999999876,
        0.0051999999896,
        0.0061999999876,
        0.0047999999904,
        0.0057999999884,
        0.0041999999916,
        0.0067999999864,
        0.003999999992,
        0.004599999990800001,
        0.005599999988800001,
        0.0067999999864,
        0.004599999990800001,
        0.0053999999892000005,
        0.005999999988,
        0.0057999999884,
        0.0035999999928,
        0.005999999988,
        0.0053999999892000005
    ],
    "blue_picks_coin_b": [
        0.148999999702,
        0.0013999999972000002,
        0.0017999999964,
        0.0011999999976,
        0.0013999999972000002,
        0.002999999994,
        0.0027999999944000003,
        0.0021999999956000002,
        0.0011999999976,
        0.0027999999944000003,
        0.001999999996,
        0.0015999999968000001,
        0.0021999999956000002,
        0.0015999999968000001,
        0.0,
        0.0005999999988,
        0.0015999999968000001,
        0.0013999999972000002,
        0.0015999999968000001,
        0.0017999999964,
        0.0025999999948,
        0.0021999999956000002,
        0.0013999999972000002,
        0.001999999996,
        0.0017999999964,
        0.0027999999944000003,
        0.0017999999964,
        0.001999999996,
        0.0013999999972000002,
        0.0017999999964,
        0.0011999999976,
        0.0013999999972000002,
        0.0017999999964,
        0.0011999999976,
        0.0017999999964,
        0.0013999999972000002,
        0.0007999999984000001,
        0.0021999999956000002,
        0.0015999999968000001,
        0.0015999999968000001,
        0.0021999999956000002,
        0.001999999996,
        0.0015999999968000001,
        0.0013999999972000002,
        0.0021999999956000002
    ],
    "red_reward_a": [
        -0.000999999998,
        0.002999999994,
        0.0025999999948,
        0.003999999992,
        0.003999999992,
        0.002999999994,
        0.004599999990800001,
        0.0005999999988,
        0.0027999999944000003,
        0.0011999999976,
        0.004599999990800001,
        0.0037999999924000004,
        0.0037999999924000004,
        0.0027999999944000003,
        0.0051999999896,
        0.0051999999896,
        0.002999999994,
        0.0027999999944000003,
        0.0033999999932,
        0.0023999999952,
        0.001999999996,
        0.0051999999896,
        0.0025999999948,
        0.005599999988800001,
        0.004599999990800001,
        0.003999999992,
        0.0043999999912000005,
        0.0041999999916,
        0.0043999999912000005,
        0.0053999999892000005,
        0.0035999999928,
        0.0037999999924000004,
        0.0017999999964,
        0.005999999988,
        0.00039999999920000003,
        0.0037999999924000004,
        0.0047999999904,
        0.0043999999912000005,
        0.0025999999948,
        0.004599999990800001,
        0.0027999999944000003,
        0.0041999999916,
        0.0015999999968000001,
        0.0043999999912000005,
        0.0033999999932
    ],
    "blue_reward_b": [
        0.0053999999892000005,
        -0.002999999994,
        -0.0017999999964,
        -0.003999999992,
        -0.0033999999932,
        -0.0021999999956000002,
        -0.0043999999912000005,
        -0.0005999999988,
        -0.0035999999928,
        -0.00039999999920000003,
        -0.005999999988,
        -0.0043999999912000005,
        -0.004599999990800001,
        -0.0031999999936000003,
        -0.005599999988800001,
        -0.0037999999924000004,
        -0.0011999999976,
        -0.002999999994,
        -0.0035999999928,
        -0.0021999999956000002,
        -0.000999999998,
        -0.0037999999924000004,
        -0.0037999999924000004,
        -0.0051999999896,
        -0.004599999990800001,
        -0.001999999996,
        -0.002999999994,
        -0.0035999999928,
        -0.0021999999956000002,
        -0.0025999999948,
        -0.0047999999904,
        -0.0037999999924000004,
        -0.0017999999964,
        -0.0067999999864,
        -0.0025999999948,
        -0.0021999999956000002,
        -0.003999999992,
        -0.0033999999932,
        -0.001999999996,
        -0.0035999999928,
        -0.0037999999924000004,
        -0.0031999999936000003,
        -0.0015999999968000001,
        -0.0053999999892000005,
        -0.002999999994
    ]
}