{
    "p_own_coin_red": [
        0.5118811830506814,
        0.5112692703289529,
        0.5119047563646671,
        0.498820748834661,
        0.4973432465744607,
        0.49063231275606195,
        0.483498341856463,
        0.5045454469008266,
        0.49869450395053516,
        0.4615382840237369,
        0.36842085872586383,
        0.4230767603550922,
        0.5652171455577628,
        0.3529409688582536,
        0.4545452479339782,
        0.43478241965981757,
        0.7096771904267127,
        0.464285548469447,
        0.4166664930556279
    ],
    "p_own_coin_blue": [
        0.5129032202913633,
        0.5115473382038414,
        0.5209656858835364,
        0.47393362682779017,
        0.5022321316466042,
        0.5029498450892353,
        0.48421051357340755,
        0.5454543801653393,
        0.46808500679042403,
        0.5595237429138401,
        0.5454544628099298,
        0.4999999218750122,
        0.49514558299557443,
        0.49514558299557443,
        0.4608695251417804,
        0.5384614792899474,
        0.5046728500305747,
        0.4956521308128582,
        0.5046728500305747
    ],
    "picks_coin_red": [
        0.16833333305277778,
        0.14049999976583333,
        0.15399999974333334,
        0.1413333330977778,
        0.15683333307194444,
        0.14233333309611113,
        0.10099999983166667,
        0.10999999981666667,
        0.06383333322694444,
        0.004333333326111111,
        0.0031666666613888892,
        0.004333333326111111,
        0.0038333333269444446,
        0.0028333333286111114,
        0.003666666660555556,
        0.0038333333269444446,
        0.005166666658055556,
        0.0046666666588888895,
        0.003999999993333334
    ],
    "picks_coin_blue": [
        0.15499999974166667,
        0.1443333330927778,
        0.13116666644805555,
        0.035166666608055556,
        0.07466666654222223,
        0.11299999981166667,
        0.06333333322777777,
        0.005499999990833334,
        0.007833333320277778,
        0.013999999976666667,
        0.010999999981666668,
        0.010666666648888889,
        0.017166666638055557,
        0.017166666638055557,
        0.01916666663472222,
        0.015166666641388889,
        0.017833333303611112,
        0.01916666663472222,
        0.017833333303611112
    ],
    "red_reward_a": [
        0.017333333304444445,
        -0.0004999999991666667,
        0.028333333286111113,
        0.10433333315944444,
        0.0824999998625,
        0.02999999995,
        0.035666666607222224,
        0.10499999982500001,
        0.0554999999075,
        -0.007999999986666667,
        -0.006833333321944445,
        -0.0063333333227777785,
        -0.013499999977500001,
        -0.014499999975833334,
        -0.01699999997166667,
        -0.010166666649722223,
        -0.012499999979166667,
        -0.014666666642222223,
        -0.01366666664388889
    ],
    "blue_reward_b": [
        -0.009333333317777779,
        0.006999999988333333,
        -0.01916666663472222,
        -0.10649999982250001,
        -0.08299999986166667,
        -0.03199999994666667,
        -0.04099999993166667,
        -0.10349999982750001,
        -0.05616666657305556,
        0.009333333317777779,
        0.006999999988333333,
        0.005666666657222223,
        0.013833333310277779,
        0.013499999977500001,
        0.015166666641388889,
        0.010833333315277778,
        0.014833333308611111,
        0.014166666643055556,
        0.013166666644722222
    ]
}