{
    "red_p_own_coin_a": [
        0.5097087131209362,
        0.5169081875889764,
        0.5058823231833928,
        0.5376343796970764,
        0.4753086126352708,
        0.47701146683842144,
        0.479452021955341,
        0.48876401748516757,
        0.5271738843927236,
        0.5031055588133193
    ],
    "blue_p_own_coin_b": [
        0.4947916408962687,
        0.5392669874729326,
        0.5223880337120381,
        0.527472498490522,
        0.47486030866702184,
        0.4939024089083897,
        0.49999997222222375,
        0.5027322129654528,
        0.5141509191438246,
        0.48603349240036353
    ],
    "red_picks_coin_a": [
        0.06866666643777779,
        0.06899999977,
        0.05666666647777778,
        0.06199999979333334,
        0.053999999820000005,
        0.057999999806666674,
        0.04866666650444445,
        0.05933333313555556,
        0.061333333128888896,
        0.053666666487777785
    ],
    "blue_picks_coin_b": [
        0.06399999978666668,
        0.06366666645444445,
        0.06699999977666668,
        0.06066666646444445,
        0.05966666646777778,
        0.05466666648444445,
        0.05999999980000001,
        0.06099999979666667,
        0.07066666643111112,
        0.05966666646777778
    ],
    "red_reward_a": [
        0.06866666643777779,
        0.06899999977,
        0.05666666647777778,
        0.06199999979333334,
        0.053999999820000005,
        0.057999999806666674,
        0.04866666650444445,
        0.05933333313555556,
        0.061333333128888896,
        0.053666666487777785
    ],
    "blue_reward_b": [
        0.06399999978666668,
        0.06366666645444445,
        0.06699999977666668,
        0.06066666646444445,
        0.05966666646777778,
        0.05466666648444445,
        0.05999999980000001,
        0.06099999979666667,
        0.07066666643111112,
        0.05966666646777778
    ]
}