{
    "red_p_own_coin_a": [
        0.5057675199133317,
        0.5134199089747195,
        0.4982668934292297
    ],
    "blue_p_own_coin_b": [
        0.5071813239929863,
        0.5068243811935907,
        0.49469964227297136
    ],
    "red_reward_a": [
        0.0008285714283346938,
        0.0020285714279918367,
        0.000285714285632653
    ],
    "blue_reward_b": [
        0.0,
        -0.0007142857140816326,
        -0.0007428571426448979
    ]
}