{
    "red_p_own_coin_a": [
        0.491298520866151,
        0.4897958184090166,
        0.4693876593086409,
        0.4399999120000176,
        0.5606059756657612,
        0.41666657986112915,
        0.5686273394848353,
        0.46969689853077295,
        0.4675324068139731,
        0.4444443738977184,
        0.4886363081095104,
        0.5052631047091468,
        0.5376343507920053,
        0.472972909057715,
        0.5070421821067349,
        0.535714221938783,
        0.4722221566358116,
        0.4942528167525498,
        0.47169806870772935,
        0.457142791836744,
        0.5061727770157065,
        0.5243901799524171,
        0.5394736132271561,
        0.45833328559028275,
        0.5180722267382859,
        0.49397584409929585,
        0.46511622498648547,
        0.5316455023233542,
        0.4827585652001649,
        0.46969689853077295,
        0.4857142163265405,
        0.4819276527798009,
        0.4999999375000078,
        0.47540975812954783,
        0.4874999390625076,
        0.5176469979238826,
        0.4782608002520579,
        0.5180722267382859,
        0.487804818560388,
        0.4705881799308023,
        0.48717942472058656,
        0.5614034102801034,
        0.48437492431641804,
        0.4520547325952421,
        0.5274724695085198,
        0.4399999120000176,
        0.522727213326453,
        0.5394736132271561,
        0.48101259734017754,
        0.5164834597270923,
        0.5499999083333486,
        0.4615383905325553,
        0.4799999360000085,
        0.5394736132271561,
        0.5232557531097961,
        0.5638297272521566,
        0.513888817515442
    ],
    "blue_p_own_coin_b": [
        0.4777486848462214,
        0.571427755103207,
        0.6249992187509766,
        0.5833328472226273,
        0.6249992187509766,
        0.4999993750007813,
        0.9999975000062501,
        0.49999950000050003,
        0.5999988000024,
        0.4166663194447338,
        0.7499993750005208,
        0.2999997000003,
        0.6249992187509766,
        0.4999991666680556,
        0.6249992187509766,
        0.14285693877580175,
        0.4999991666680556,
        0.9999983333361112,
        0.45454504132268975,
        0.5999988000024,
        0.5624996484377197,
        0.37499953125058594,
        0.7499981250046875,
        0.5555549382722909,
        0.5999988000024,
        0.24999968750039064,
        0.24999968750039064,
        0.19999960000080003,
        0.4999993750007813,
        0.4999991666680556,
        0.5999994000006,
        0.33333277777870374,
        0.5555549382722909,
        0.4285708163274053,
        0.4285708163274053,
        0.2999997000003,
        0.4999993750007813,
        0.5999994000006,
        0.6666655555574075,
        0.0,
        0.6999993000007,
        0.5999994000006,
        0.33333305555578707,
        0.3999996000004,
        0.8181810743808415,
        0.49999875000312505,
        0.571427755103207,
        0.4999991666680556,
        0.6666655555574075,
        0.24999968750039064,
        0.9999966666777778,
        0.7499981250046875,
        0.16666638888935187,
        0.5555549382722909,
        0.5454540495872277,
        0.5999988000024,
        0.3333322222259259
    ],
    "red_picks_coin_a": [
        0.14939999970120002,
        0.009799999980400001,
        0.009799999980400001,
        0.00999999998,
        0.013199999973600001,
        0.0095999999808,
        0.010199999979600001,
        0.013199999973600001,
        0.0153999999692,
        0.0125999999748,
        0.017599999964800002,
        0.018999999962,
        0.018599999962800002,
        0.014799999970400001,
        0.014199999971600001,
        0.0167999999664,
        0.0143999999712,
        0.017399999965200003,
        0.0211999999576,
        0.013999999972,
        0.0161999999676,
        0.016399999967200003,
        0.015199999969600001,
        0.0191999999616,
        0.016599999966800002,
        0.016599999966800002,
        0.0171999999656,
        0.0157999999684,
        0.017399999965200003,
        0.013199999973600001,
        0.013999999972,
        0.016599999966800002,
        0.015999999968,
        0.012199999975600001,
        0.015999999968,
        0.016999999966,
        0.013799999972400001,
        0.016599999966800002,
        0.016399999967200003,
        0.016999999966,
        0.0155999999688,
        0.0113999999772,
        0.012799999974400001,
        0.0145999999708,
        0.0181999999636,
        0.00999999998,
        0.017599999964800002,
        0.015199999969600001,
        0.0157999999684,
        0.0181999999636,
        0.011999999976,
        0.012999999974,
        0.01499999997,
        0.015199999969600001,
        0.0171999999656,
        0.0187999999624,
        0.0143999999712
    ],
    "blue_picks_coin_b": [
        0.1527999996944,
        0.0013999999972000002,
        0.0015999999968000001,
        0.0023999999952,
        0.0015999999968000001,
        0.0015999999968000001,
        0.0007999999984000001,
        0.001999999996,
        0.000999999998,
        0.0023999999952,
        0.0023999999952,
        0.001999999996,
        0.0015999999968000001,
        0.0011999999976,
        0.0015999999968000001,
        0.0013999999972000002,
        0.0011999999976,
        0.0011999999976,
        0.0021999999956000002,
        0.000999999998,
        0.0031999999936000003,
        0.0015999999968000001,
        0.0007999999984000001,
        0.0017999999964,
        0.000999999998,
        0.0015999999968000001,
        0.0015999999968000001,
        0.000999999998,
        0.0015999999968000001,
        0.0011999999976,
        0.001999999996,
        0.0011999999976,
        0.0017999999964,
        0.0013999999972000002,
        0.0013999999972000002,
        0.001999999996,
        0.0015999999968000001,
        0.001999999996,
        0.0011999999976,
        0.0007999999984000001,
        0.001999999996,
        0.001999999996,
        0.0023999999952,
        0.001999999996,
        0.0021999999956000002,
        0.0007999999984000001,
        0.0013999999972000002,
        0.0011999999976,
        0.0011999999976,
        0.0015999999968000001,
        0.0005999999988,
        0.0007999999984000001,
        0.0011999999976,
        0.0017999999964,
        0.0021999999956000002,
        0.000999999998,
        0.0005999999988
    ],
    "red_reward_a": [
        -0.010199999979600001,
        0.0085999999828,
        0.0085999999828,
        0.007999999984,
        0.011999999976,
        0.007999999984,
        0.010199999979600001,
        0.011199999977600001,
        0.0145999999708,
        0.009799999980400001,
        0.016399999967200003,
        0.0161999999676,
        0.017399999965200003,
        0.0135999999728,
        0.012999999974,
        0.0143999999712,
        0.013199999973600001,
        0.017399999965200003,
        0.0187999999624,
        0.013199999973600001,
        0.0133999999732,
        0.0143999999712,
        0.014799999970400001,
        0.017599999964800002,
        0.0157999999684,
        0.014199999971600001,
        0.014799999970400001,
        0.014199999971600001,
        0.0157999999684,
        0.011999999976,
        0.0123999999752,
        0.01499999997,
        0.0143999999712,
        0.0105999999788,
        0.0143999999712,
        0.014199999971600001,
        0.012199999975600001,
        0.01499999997,
        0.0155999999688,
        0.0153999999692,
        0.0143999999712,
        0.009799999980400001,
        0.0095999999808,
        0.012199999975600001,
        0.017399999965200003,
        0.009199999981600001,
        0.016399999967200003,
        0.013999999972,
        0.01499999997,
        0.0157999999684,
        0.011999999976,
        0.0125999999748,
        0.012999999974,
        0.0135999999728,
        0.015199999969600001,
        0.017999999964,
        0.0135999999728
    ],