{
    "red_p_own_coin_a": [
        0.49652344357902756,
        0.501942775517586,
        0.5056141536141304,
        0.5110883648736125,
        0.5017131660928159,
        0.5053415336592076,
        0.49905660298890475,
        0.492573506376821,
        0.5014993567021286
    ],
    "blue_p_own_coin_b": [
        0.5217391162570892,
        0.504087179725145,
        0.526162775402245,
        0.44080603423662384,
        0.5132529996806506,
        0.48275860959175615,
        0.5055187526375552,
        0.4849785303652676,
        0.4659999906800002
    ],
    "red_reward_a": [
        0.04347825968809077,
        0.008174386698245594,
        0.0523255798742564,
        -0.11838790633783612,
        0.026506023457686184,
        -0.03448275782798258,
        0.01103752735016496,
        -0.030042917810237817,
        -0.06799999864000003
    ],
    "blue_reward_b": [
        -0.04347825968809077,
        -0.008174386698245594,
        -0.0523255798742564,
        0.11838790633783612,
        -0.026506023457686184,
        0.03448275782798258,
        -0.01103752735016496,
        0.030042917810237817,
        0.06799999864000003
    ]
}