{
    "red_p_own_coin_a": [
        0.5023969271102884,
        0.4911111001975311,
        0.5041152159647075,
        0.399999840000064,
        0.5454542975207739,
        0.3636361983471826,
        0.43478241965981757,
        0.6315786149586237,
        0.42857127551025875,
        0.5909088223141716,
        0.3448274673008733,
        0.3599998560000576,
        0.34782593572785403,
        0.39285700255107053,
        0.5769228550296711,
        0.5862066944114847,
        0.4545452479339782,
        0.3888886728396262,
        0.29411747404854466,
        0.40909072314058037
    ],
    "blue_p_own_coin_b": [
        0.5048231457146501,
        0.48120299847362785,
        0.4988505632448147,
        0.4814813031550729,
        0.3749998828125366,
        0.4166664930556279,
        0.3333331746032502,
        0.4615382840237369,
        0.4166664930556279,
        0.4999998214286352,
        0.4399998240000704,
        0.51724120095131,
        0.2399999040000384,
        0.583333090277879,
        0.46666635555576297,
        0.49999980769238167,
        0.6666663888890046,
        0.49999979166675346,
        0.3448274673008733,
        0.772726921487763
    ],
    "red_picks_coin_a": [
        0.17383333304361112,
        0.074999999875,
        0.080999999865,
        0.0041666666597222225,
        0.003666666660555556,
        0.003666666660555556,
        0.0038333333269444446,
        0.0031666666613888892,
        0.0046666666588888895,
        0.003666666660555556,
        0.004833333325277778,
        0.0041666666597222225,
        0.0038333333269444446,
        0.0046666666588888895,
        0.004333333326111111,
        0.004833333325277778,
        0.003666666660555556,
        0.002999999995,
        0.0028333333286111114,
        0.003666666660555556
    ],
    "blue_picks_coin_b": [
        0.15549999974083334,
        0.0886666665188889,
        0.07249999987916667,
        0.0044999999925,
        0.005333333324444444,
        0.003999999993333334,
        0.0034999999941666667,
        0.004333333326111111,
        0.003999999993333334,
        0.0046666666588888895,
        0.0041666666597222225,
        0.004833333325277778,
        0.0041666666597222225,
        0.003999999993333334,
        0.0024999999958333335,
        0.004333333326111111,
        0.003999999993333334,
        0.003999999993333334,
        0.004833333325277778,
        0.003666666660555556
    ],
    "red_reward_a": [
        -0.4801666658663889,
        -0.5169999991383334,
        -0.49166666584722224,
        -0.5004999991658333,
        -0.5029999991616667,
        -0.500999999165,
        -0.5008333324986112,
        -0.5014999991641667,
        -0.4999999991666667,
        -0.500999999165,
        -0.4998333325002778,
        -0.5004999991658333,
        -0.5024999991625,
        -0.4986666658355556,
        -0.4983333325027778,
        -0.49949999916750004,
        -0.4989999991683334,
        -0.500999999165,
        -0.5034999991608333,
        -0.49799999917000004
    ],
    "blue_reward_b": [
        -0.5174999991375,
        -0.4876666658538889,
        -0.5078333324869445,
        -0.5004999991658333,
        -0.49799999917000004,
        -0.5006666658322222,
        -0.5008333324986112,
        -0.49799999917000004,
        -0.5013333324977778,
        -0.4983333325027778,
        -0.5021666658297222,
        -0.5004999991658333,
        -0.5008333324986112,
        -0.5016666658305555,
        -0.5011666658313889,
        -0.4996666658338889,
        -0.4999999991666667,
        -0.4996666658338889,
        -0.49916666583472225,
        -0.5006666658322222
    ]
}