{
    "red_p_own_coin_a": [
        0.4857142510204106
    ],
    "blue_p_own_coin_b": [
        0.5467625505926222
    ],
    "red_reward_a": [
        0.003111111104197531
    ],
    "blue_reward_b": [
        -0.0011111111086419753
    ]
}