{
    "red_p_own_coin_a": [
        0.5041928668323599,
        0.5174644176265922,
        0.5270506016221536,
        0.44871789119001393,
        0.4999998529412197,
        0.49999972222237654,
        0.5294116089965856,
        0.6666662962965021,
        0.30434769376187226,
        0.6521736294897263,
        0.5185183264746939,
        0.4444442798354519,
        0.4166664930556279,
        0.4615382840237369,
        0.4827584542212227,
        0.4705880968858538,
        0.2916665451389395,
        0.6428569132653881,
        0.49999977272737606,
        0.5624998242188048,
        0.4230767603550922,
        0.49999977272737606,
        0.37037023319620993,
        0.6969694857668224,
        0.5483869198751872,
        0.45454531680444943,
        0.40740725651583093,
        0.4571427265306495,
        0.4705879584776715,
        0.4999998214286352,
        0.5862066944114847,
        0.41176446366796254,
        0.583333090277879,
        0.5714282993198575,
        0.5599997760000897,
        0.3999998857143183,
        0.5517239476813973,
        0.583333090277879,
        0.39999973333351113,
        0.5652171455577628,
        0.49999980769238167
    ],
    "blue_p_own_coin_b": [
        0.5118912739310162,
        0.5265957353440472,
        0.5340206075459669,
        0.5298507264981073,
        0.35849049839801916,
        0.4399999120000176,
        0.49999988095240927,
        0.5227271539256468,
        0.2972972169466981,
        0.4893615980081706,
        0.5106381892259172,
        0.484848337924746,
        0.4444442798354519,
        0.5757574012856359,
        0.4722220910494191,
        0.6799997280001088,
        0.5806449739854923,
        0.5428569877551463,
        0.5769228550296711,
        0.49999986842108723,
        0.4230767603550922,
        0.3999998857143183,
        0.38235282871975623,
        0.49999986842108723,
        0.5624998242188048,
        0.35483859521335637,
        0.37931021403096066,
        0.4749998812500297,
        0.4054052958364065,
        0.4838708116545769,
        0.564102419460918,
        0.49999986842108723,
        0.31428562448982156,
        0.3437498925781585,
        0.5675674141709691,
        0.6279068307193416,
        0.4999998333333889,
        0.399999840000064,
        0.6153844575937287,
        0.4545452479339782,
        0.484848337924746
    ],
    "red_picks_coin_a": [
        0.158999999735,
        0.12883333311861112,
        0.09549999984083334,
        0.012999999978333334,
        0.005666666657222223,
        0.002999999995,
        0.005666666657222223,
        0.002999999995,
        0.0038333333269444446,
        0.0038333333269444446,
        0.0044999999925,
        0.0044999999925,
        0.003999999993333334,
        0.004333333326111111,
        0.004833333325277778,
        0.005666666657222223,
        0.003999999993333334,
        0.0046666666588888895,
        0.003666666660555556,
        0.005333333324444444,
        0.004333333326111111,
        0.003666666660555556,
        0.0044999999925,
        0.005499999990833334,
        0.005166666658055556,
        0.005499999990833334,
        0.0044999999925,
        0.0058333333236111114,
        0.0028333333286111114,
        0.0046666666588888895,
        0.004833333325277778,
        0.0028333333286111114,
        0.003999999993333334,
        0.0034999999941666667,
        0.0041666666597222225,
        0.0058333333236111114,
        0.004833333325277778,
        0.003999999993333334,
        0.0024999999958333335,
        0.0038333333269444446,
        0.004333333326111111
    ],
    "blue_picks_coin_b": [
        0.1471666664213889,
        0.09399999984333333,
        0.08083333319861112,
        0.04466666659222222,
        0.008833333318611112,
        0.008333333319444445,
        0.006999999988333333,
        0.007333333321111112,
        0.006166666656388889,
        0.007833333320277778,
        0.007833333320277778,
        0.005499999990833334,
        0.0044999999925,
        0.005499999990833334,
        0.00599999999,
        0.0041666666597222225,
        0.005166666658055556,
        0.0058333333236111114,
        0.004333333326111111,
        0.0063333333227777785,
        0.004333333326111111,
        0.0058333333236111114,
        0.005666666657222223,
        0.0063333333227777785,
        0.005333333324444444,
        0.005166666658055556,
        0.004833333325277778,
        0.006666666655555556,
        0.006166666656388889,
        0.005166666658055556,
        0.006499999989166667,
        0.0063333333227777785,
        0.0058333333236111114,
        0.005333333324444444,
        0.006166666656388889,
        0.007166666654722223,
        0.004999999991666667,
        0.0041666666597222225,
        0.006499999989166667,
        0.003666666660555556,
        0.005499999990833334
    ],
    "red_reward_a": [
        -0.4846666658588889,
        -0.4601666658997222,
        -0.47983333253361116,
        -0.5289999991183334,
        -0.5056666658238889,
        -0.5063333324894445,
        -0.5013333324977778,
        -0.50399999916,
        -0.5048333324919445,
        -0.5041666658263889,
        -0.5031666658280556,
        -0.5011666658313889,
        -0.500999999165,
        -0.5003333324994444,
        -0.5014999991641667,
        -0.4969999991716667,
        -0.5003333324994444,
        -0.5006666658322222,
        -0.4999999991666667,
        -0.500999999165,
        -0.5006666658322222,
        -0.5033333324944445,
        -0.5024999991625,
        -0.5008333324986112,
        -0.49949999916750004,
        -0.5011666658313889,
        -0.5014999991641667,
        -0.5011666658313889,
        -0.5044999991591667,
        -0.5006666658322222,
        -0.5008333324986112,
        -0.5034999991608333,
        -0.50399999916,
        -0.5034999991608333,
        -0.5011666658313889,
        -0.49949999916750004,
        -0.5001666658330556,
        -0.500999999165,
        -0.5024999991625,
        -0.5001666658330556,
        -0.5013333324977778
    ],
    "blue_reward_b": [
        -0.5104999991491667,
        -0.5303333324494445,
        -0.5094999991508333,
        -0.4696666658838889,
        -0.4968333325052778,
        -0.49466666584222224,
        -0.4983333325027778,
        -0.49466666584222224,
        -0.49916666583472225,
        -0.4948333325086111,
        -0.49649999917250004,
        -0.49949999916750004,
        -0.5001666658330556,
        -0.49916666583472225,
        -0.4989999991683334,
        -0.5018333324969445,
        -0.5004999991658333,
        -0.4974999991708334,
        -0.4993333325011111,
        -0.4983333325027778,
        -0.5006666658322222,
        -0.4978333325036111,
        -0.4999999991666667,
        -0.4969999991716667,
        -0.4993333325011111,
        -0.5008333324986112,
        -0.5004999991658333,
        -0.4996666658338889,
        -0.4968333325052778,
        -0.49949999916750004,
        -0.4974999991708334,
        -0.4969999991716667,
        -0.4974999991708334,
        -0.49766666583722224,
        -0.4974999991708334,
        -0.4998333325002778,
        -0.4993333325011111,
        -0.49916666583472225,
        -0.49649999917250004,
        -0.4996666658338889,
        -0.49883333250194445
    ]
}