{
    "red_p_own_coin_a": [
        0.49171268001587404,
        0.46022724657799735,
        0.5139664517337178,
        0.5297297010956918,
        0.5080213632074138,
        0.4876542908855376,
        0.4911242312944242,
        0.46733665993283113,
        0.5123456473860711,
        0.506249968359377,
        0.4968152549799201,
        0.4971751131539484,
        0.49999996875000197,
        0.5030674537995427,
        0.49999997549019726,
        0.46540877576045436,
        0.48809520904195186,
        0.4941860177798827,
        0.5282051011176871,
        0.49999997126436946,
        0.5260416392686647,
        0.46666664074074216,
        0.5280898579724799,
        0.4974093006523678,
        0.4974093006523678,
        0.5333333037037054,
        0.5139664517337178,
        0.5026454760505039,
        0.49999997093023424,
        0.4879517778342302,
        0.5199999653333356,
        0.4974358719263655,
        0.49367085483095857,
        0.499999973118281,
        0.5175879136890496,
        0.5172413495838305,
        0.49999997126436946,
        0.4449999777500011,
        0.49101793466958477,
        0.4974093006523678,
        0.5106382707107303,
        0.5227272430268611,
        0.452830160199361,
        0.5079364810615619,
        0.5287957838326814,
        0.549295735965089,
        0.5079364810615619,
        0.4969324848507678,
        0.5294117363950943,
        0.48484845546372995,
        0.5271738843927236
    ],
    "blue_p_own_coin_b": [
        0.46739127894612614,
        0.43999997485714426,
        0.5123152456987564,
        0.5454545144628117,
        0.48850571905139545,
        0.48351645694964523,
        0.5089820054501794,
        0.4550897931083956,
        0.5229884756903175,
        0.5097087131209362,
        0.4999999698795199,
        0.4972375415890861,
        0.5081080806428064,
        0.507692281656806,
        0.49999997282608843,
        0.4540229624124734,
        0.4879517778342302,
        0.4681817969008274,
        0.5401069229889346,
        0.4941176179930813,
        0.5083798598670469,
        0.4941176179930813,
        0.5308641647614712,
        0.4911242312944242,
        0.4640883721498137,
        0.5445025892930582,
        0.5359115726015705,
        0.5238094926303873,
        0.48876401748516757,
        0.5149700290437108,
        0.532544347186725,
        0.5084745475438108,
        0.4971751131539484,
        0.4864864601899211,
        0.5144508373149805,
        0.5085713995102057,
        0.48484845546372995,
        0.4590163683597613,
        0.4967319936776475,
        0.5093167385517554,
        0.5222221932098782,
        0.49735447103944597,
        0.4450866794747584,
        0.49735447103944597,
        0.5284090608858488,
        0.5675675292184101,
        0.4777069759422308,
        0.5054347551394155,
        0.5705882017301057,
        0.4939758738568751,
        0.5138121263087223
    ],
    "red_picks_coin_a": [
        0.06033333313222223,
        0.058666666471111115,
        0.05966666646777778,
        0.061666666461111116,
        0.062333333125555564,
        0.053999999820000005,
        0.05633333314555556,
        0.06633333311222223,
        0.053999999820000005,
        0.05333333315555556,
        0.05233333315888889,
        0.05899999980333334,
        0.05333333315555556,
        0.054333333152222225,
        0.06799999977333333,
        0.05299999982333334,
        0.05599999981333334,
        0.05733333314222223,
        0.06499999978333335,
        0.057999999806666674,
        0.06399999978666668,
        0.05999999980000001,
        0.05933333313555556,
        0.06433333311888889,
        0.06433333311888889,
        0.05999999980000001,
        0.05966666646777778,
        0.06299999979000001,
        0.05733333314222223,
        0.05533333314888889,
        0.049999999833333336,
        0.06499999978333335,
        0.05266666649111112,
        0.06199999979333334,
        0.06633333311222223,
        0.057999999806666674,
        0.057999999806666674,
        0.06666666644444445,
        0.05566666648111112,
        0.06433333311888889,
        0.06266666645777778,
        0.058666666471111115,
        0.05299999982333334,
        0.06299999979000001,
        0.06366666645444445,
        0.04733333317555556,
        0.06299999979000001,
        0.054333333152222225,
        0.062333333125555564,
        0.05499999981666667,
        0.061333333128888896
    ],
    "blue_picks_coin_b": [
        0.061333333128888896,
        0.058333333138888895,
        0.06766666644111112,
        0.058666666471111115,
        0.057999999806666674,
        0.06066666646444445,
        0.05566666648111112,
        0.05566666648111112,
        0.057999999806666674,
        0.06866666643777779,
        0.05533333314888889,
        0.06033333313222223,
        0.061666666461111116,
        0.06499999978333335,
        0.061333333128888896,
        0.057999999806666674,
        0.05533333314888889,
        0.0733333330888889,
        0.062333333125555564,
        0.05666666647777778,
        0.05966666646777778,
        0.05666666647777778,
        0.053999999820000005,
        0.05633333314555556,
        0.06033333313222223,
        0.06366666645444445,
        0.06033333313222223,
        0.05599999981333334,
        0.05933333313555556,
        0.05566666648111112,
        0.05633333314555556,
        0.05899999980333334,
        0.05899999980333334,
        0.061666666461111116,
        0.05766666647444445,
        0.058333333138888895,
        0.05499999981666667,
        0.06099999979666667,
        0.050999999830000003,
        0.053666666487777785,
        0.05999999980000001,
        0.06299999979000001,
        0.05766666647444445,
        0.06299999979000001,
        0.058666666471111115,
        0.049333333168888896,
        0.05233333315888889,
        0.061333333128888896,
        0.05666666647777778,
        0.05533333314888889,
        0.06033333313222223
    ],
    "red_reward_a": [
        -0.004999999983333334,
        -0.006666666644444445,
        -0.006333333312222223,
        0.008333333305555557,
        0.00299999999,
        -0.008666666637777778,
        0.0016666666611111112,
        0.005666666647777778,
        -0.001333333328888889,
        -0.013999999953333335,
        -0.00299999999,
        -0.0016666666611111112,
        -0.007333333308888889,
        -0.009666666634444446,
        0.006666666644444445,
        -0.01033333329888889,
        -0.0006666666644444445,
        -0.02066666659777778,
        0.007666666641111112,
        0.0006666666644444445,
        0.005333333315555556,
        0.002666666657777778,
        0.008666666637777778,
        0.0069999999766666675,
        -0.00033333333222222223,
        0.0019999999933333337,
        0.0036666666544444447,
        0.009666666634444446,
        -0.0033333333222222224,
        0.001333333328888889,
        -0.002666666657777778,
        0.0069999999766666675,
        -0.006666666644444445,
        -0.001333333328888889,
        0.01033333329888889,
        0.0006666666644444445,
        0.001333333328888889,
        0.0006666666644444445,
        0.004333333318888889,
        0.011666666627777779,
        0.005333333315555556,
        -0.004666666651111112,
        -0.010999999963333335,
        -0.00033333333222222223,
        0.008333333305555557,
        0.004666666651111112,
        0.008333333305555557,
        -0.006333333312222223,
        0.013666666621111113,
        -0.0009999999966666668,
        0.002666666657777778
    ],