{
    "p_own_coin_red": [
        0.5146579748679916,
        0.469339611572179,
        0.5169081875889764,
        0.5581394050838593,
        0.31578939058173927,
        0.578947216066522,
        0.42857127551025875,
        0.5799998840000231,
        0.624999843750039,
        0.5757574012856359,
        0.5897434385273234,
        0.5526314335180438,
        0.44117634083048796,
        0.5454543801653393,
        0.4838708116545769,
        0.4374998632812927,
        0.4864863550036878,
        0.6153844575937287,
        0.5999998666666962,
        0.5714284081633119,
        0.4888887802469377,
        0.38235282871975623,
        0.5428569877551463,
        0.5609754729328115,
        0.5555553497943149,
        0.5263156509695655,
        0.6153844575937287,
        0.5555554012346107,
        0.4799998080000768,
        0.5476189172335911,
        0.48780475907200993,
        0.5416665538194679,
        0.466666511111163,
        0.4594593352812607,
        0.3749999062500234,
        0.5897434385273234,
        0.4324323155588336,
        0.49999987500003124,
        0.5121949970256104
    ],
    "p_own_coin_blue": [
        0.515050161482161,
        0.48588708697808297,
        0.5361930151154688,
        0.41935470343396664,
        0.6249997395834419,
        0.40740725651583093,
        0.5454543801653393,
        0.599999760000096,
        0.6666664444445185,
        0.3999998000001,
        0.583333090277879,
        0.5142855673469807,
        0.5588233650519514,
        0.5526314335180438,
        0.4374998632812927,
        0.6923074260356054,
        0.6071426403061999,
        0.37931021403096066,
        0.42857127551025875,
        0.41935470343396664,
        0.5384613313610264,
        0.5517239476813973,
        0.5428569877551463,
        0.4583331423611907,
        0.399999840000064,
        0.5185183264746939,
        0.5769228550296711,
        0.4444442798354519,
        0.4571427265306495,
        0.41379296076104805,
        0.5714283673470116,
        0.5789470637120717,
        0.5999998000000667,
        0.6333331222222927,
        0.4687498535156707,
        0.5199997920000832,
        0.5909088223141716,
        0.523809274376536,
        0.7599996960001216
    ],
    "p_coin_red": [
        0.15349999974416667,
        0.0706666665488889,
        0.0344999999425,
        0.007166666654722223,
        0.0063333333227777785,
        0.0063333333227777785,
        0.0046666666588888895,
        0.008333333319444445,
        0.006666666655555556,
        0.005499999990833334,
        0.006499999989166667,
        0.0063333333227777785,
        0.005666666657222223,
        0.005499999990833334,
        0.005166666658055556,
        0.005333333324444444,
        0.006166666656388889,
        0.006499999989166667,
        0.0074999999875,
        0.0058333333236111114,
        0.0074999999875,
        0.005666666657222223,
        0.0058333333236111114,
        0.006833333321944445,
        0.0044999999925,
        0.0063333333227777785,
        0.006499999989166667,
        0.00599999999,
        0.0041666666597222225,
        0.006999999988333333,
        0.006833333321944445,
        0.007999999986666667,
        0.004999999991666667,
        0.006166666656388889,
        0.006666666655555556,
        0.006499999989166667,
        0.006166666656388889,
        0.006666666655555556,
        0.006833333321944445
    ],
    "p_coin_blue": [
        0.14949999975083333,
        0.08266666652888889,
        0.062166666563055556,
        0.005166666658055556,
        0.003999999993333334,
        0.0044999999925,
        0.005499999990833334,
        0.0041666666597222225,
        0.004999999991666667,
        0.003333333327777778,
        0.003999999993333334,
        0.0058333333236111114,
        0.005666666657222223,
        0.0063333333227777785,
        0.005333333324444444,
        0.004333333326111111,
        0.0046666666588888895,
        0.004833333325277778,
        0.0046666666588888895,
        0.005166666658055556,
        0.004333333326111111,
        0.004833333325277778,
        0.0058333333236111114,
        0.003999999993333334,
        0.0041666666597222225,
        0.0044999999925,
        0.004333333326111111,
        0.0044999999925,
        0.0058333333236111114,
        0.004833333325277778,
        0.0046666666588888895,
        0.0031666666613888892,
        0.004999999991666667,
        0.004999999991666667,
        0.005333333324444444,
        0.0041666666597222225,
        0.003666666660555556,
        0.0034999999941666667,
        0.0041666666597222225
    ],
    "reward_red": [
        1.3899999976833335,
        0.6216666656305556,
        0.28733333285444446,
        0.06566666655722223,
        0.06033333323277778,
        0.057999999903333335,
        0.04166666659722222,
        0.07999999986666667,
        0.06333333322777777,
        0.050999999915000004,
        0.06166666656388889,
        0.05766666657055556,
        0.051666666580555555,
        0.04933333325111111,
        0.04566666659055556,
        0.05066666658222223,
        0.057999999903333335,
        0.05899999990166667,
        0.06966666655055556,
        0.05233333324611111,
        0.07099999988166666,
        0.05233333324611111,
        0.05299999991166667,
        0.06399999989333334,
        0.039999999933333336,
        0.05899999990166667,
        0.06133333323111111,
        0.05499999990833333,
        0.03533333327444445,
        0.06433333322611111,
        0.06433333322611111,
        0.07733333320444445,
        0.04599999992333333,
        0.057999999903333335,
        0.06099999989833334,
        0.06099999989833334,
        0.058666666568888894,
        0.06333333322777777,
        0.06633333322277778
    ],
    "reward_blue": [
        0.0004999999991666667,
        0.007666666653888889,
        0.02883333328527778,
        -0.0011666666647222224,
        -0.0046666666588888895,
        -0.0008333333319444445,
        0.0001666666663888889,
        -0.0028333333286111114,
        0.0,
        -0.001333333331111111,
        -0.001333333331111111,
        0.0001666666663888889,
        -0.0006666666655555555,
        0.001333333331111111,
        0.0,
        -0.001666666663888889,
        -0.001666666663888889,
        -0.0001666666663888889,
        -0.001333333331111111,
        0.0001666666663888889,
        -0.003333333327777778,
        -0.0021666666630555556,
        0.0004999999991666667,
        -0.001999999996666667,
        0.0001666666663888889,
        -0.0014999999975,
        -0.0006666666655555555,
        -0.0008333333319444445,
        0.0014999999975,
        -0.0014999999975,
        -0.0023333333294444447,
        -0.0041666666597222225,
        -0.0003333333327777778,
        -0.001666666663888889,
        -0.002999999995,
        -0.0011666666647222224,
        -0.003333333327777778,
        -0.0031666666613888892,
        -0.0024999999958333335
    ]
}