{
    "cooperation_a": [
        0.6065999987868,
        0.0011999999976,
        0.0007999999984000001,
        0.0017999999964,
        0.004599999990800001,
        0.0057999999884,
        0.022599999954800002,
        0.197999999604,
        0.8777999982444,
        0.9823999980352001,
        0.98999999802,
        0.9907999980184,
        0.9923999980152001,
        0.9955999980088001,
        0.9963999980072,
        0.9941999980116001,
        0.9941999980116001,
        0.9959999980080001,
        0.9971999980056001,
        0.996999998006,
        0.9973999980052001,
        0.9963999980072,
        0.9983999980032,
        0.9981999980036,
        0.9987999980024,
        0.9961999980076001,
        0.9985999980028001
    ],
    "cooperation_b": [
        0.5143999989712,
        0.9999999980000001,
        0.9999999980000001,
        0.9999999980000001,
        0.9999999980000001,
        0.9999999980000001,
        0.9999999980000001,
        0.9999999980000001,
        0.9999999980000001,
        0.9999999980000001,
        0.9999999980000001,
        0.9999999980000001,
        0.9999999980000001,
        0.9999999980000001,
        0.9999999980000001,
        0.9999999980000001,
        0.9999999980000001,
        0.9999999980000001,
        0.9999999980000001,
        0.9999999980000001,
        0.9999999980000001,
        0.9999999980000001,
        0.9999999980000001,
        0.9999999980000001,
        0.9999999980000001,
        0.9999999980000001,
        0.9999999980000001
    ],
    "reward_a": [
        -1.3011999973976,
        -2.9975999940048004,
        -2.9983999940032002,
        -2.9963999940072004,
        -2.9907999940184,
        -2.9883999940232,
        -2.9547999940904,
        -2.6039999947920003,
        -1.2443999975112001,
        -1.0351999979296,
        -1.01999999796,
        -1.0183999979632001,
        -1.0151999979696,
        -1.0087999979824,
        -1.0071999979856001,
        -1.0115999979768,
        -1.0115999979768,
        -1.007999997984,
        -1.0055999979888,
        -1.005999997988,
        -1.0051999979896,
        -1.0071999979856001,
        -1.0031999979936002,
        -1.0035999979928,
        -1.0023999979952,
        -1.0075999979848,
        -1.0027999979944
    ],
    "reward_b": [
        -1.5777999968444,
        -0.0011999999976,
        -0.0007999999984000001,
        -0.0017999999964,
        -0.004599999990800001,
        -0.0057999999884,
        -0.022599999954800002,
        -0.197999999604,
        -0.8777999982444,
        -0.9823999980352001,
        -0.98999999802,
        -0.9907999980184,
        -0.9923999980152001,
        -0.9955999980088001,
        -0.9963999980072,
        -0.9941999980116001,
        -0.9941999980116001,
        -0.9959999980080001,
        -0.9971999980056001,
        -0.996999998006,
        -0.9973999980052001,
        -0.9963999980072,
        -0.9983999980032,
        -0.9981999980036,
        -0.9987999980024,
        -0.9961999980076001,
        -0.9985999980028001
    ]
}