{
    "red_p_own_coin_a": [
        0.4957716649495596
    ],
    "blue_p_own_coin_b": [
        0.49346404691215634
    ],
    "red_picks_coin_a": [
        0.1576666664038889
    ],
    "blue_picks_coin_b": [
        0.152999999745
    ],
    "red_reward_a": [
        -0.49733333250444445
    ],
    "blue_reward_b": [
        -0.5059999991566667
    ]
}