{
    "p_own_coin_red": [
        0.5178351719823472,
        0.5188284446467442,
        0.5275779249981313,
        0.41379296076104805,
        0.6666665079365457,
        0.5714283673470116,
        0.3437498925781585,
        0.5263156509695655,
        0.2941175605536586,
        0.47368408587260896,
        0.35294107266439034,
        0.6249997395834419,
        0.3999998857143183,
        0.6428569132653881,
        0.6097560232004849,
        0.5381165677974633,
        0.48552337448723,
        0.5102040686172432,
        0.5111561762442967,
        0.5652171455577628,
        0.5357140943878235,
        0.6666663888890046,
        0.6363633471075695,
        0.4999998214286352,
        0.5789470637120717,
        0.619047324263179,
        0.6756754930606775
    ],
    "p_own_coin_blue": [
        0.5199999938823531,
        0.5125284679666462,
        0.5111633312436742,
        0.5054677945872686,
        0.5124260294387453,
        0.4999999809160313,
        0.49158247503089314,
        0.5140844949745424,
        0.49813431906465827,
        0.5034013262992295,
        0.5049019360342188,
        0.5203619674044359,
        0.4999999866310164,
        0.4863813040318559,
        0.5402597262270201,
        0.5278969730516321,
        0.425925847050769,
        0.6333331222222927,
        0.583333090277879,
        0.6129030280957974,
        0.6551721878716593,
        0.3666665444444852,
        0.4782606616257993,
        0.4444442798354519,
        0.3749998437500651,
        0.38095219954657167,
        0.4444441975310014
    ],
    "picks_coin_red": [
        0.13549999977416669,
        0.11949999980083334,
        0.06949999988416666,
        0.004833333325277778,
        0.006999999988333333,
        0.0046666666588888895,
        0.005333333324444444,
        0.0063333333227777785,
        0.005666666657222223,
        0.0063333333227777785,
        0.005666666657222223,
        0.003999999993333334,
        0.0058333333236111114,
        0.0046666666588888895,
        0.01366666664388889,
        0.037166666604722225,
        0.07483333320861112,
        0.06533333322444444,
        0.08216666652972222,
        0.0038333333269444446,
        0.0046666666588888895,
        0.003999999993333334,
        0.003666666660555556,
        0.0046666666588888895,
        0.0031666666613888892,
        0.0034999999941666667,
        0.006166666656388889
    ],
    "picks_coin_blue": [
        0.14166666643055556,
        0.14633333308944446,
        0.14183333309694446,
        0.13716666643805556,
        0.14083333309861112,
        0.04366666659388889,
        0.0494999999175,
        0.07099999988166666,
        0.08933333318444445,
        0.024499999959166668,
        0.03399999994333334,
        0.03683333327194445,
        0.06233333322944445,
        0.042833333261944447,
        0.06416666655972222,
        0.03883333326861111,
        0.008999999985,
        0.004999999991666667,
        0.003999999993333334,
        0.005166666658055556,
        0.004833333325277778,
        0.004999999991666667,
        0.0038333333269444446,
        0.0044999999925,
        0.003999999993333334,
        0.0034999999941666667,
        0.002999999995
    ],
    "reward_red": [
        -0.0004999999991666667,
        -0.023166666628055558,
        -0.0691666665513889,
        -0.13083333311527778,
        -0.13033333311611112,
        -0.038999999935,
        -0.044999999925,
        -0.06266666656222222,
        -0.08399999986000001,
        -0.01799999997,
        -0.027999999953333334,
        -0.03133333328111111,
        -0.056499999905833334,
        -0.03933333326777778,
        -0.04533333325777778,
        0.0004999999991666667,
        0.0644999998925,
        0.06166666656388889,
        0.07883333320194445,
        -0.0001666666663888889,
        0.001333333331111111,
        -0.0023333333294444447,
        -0.0003333333327777778,
        -0.0003333333327777778,
        -0.001833333330277778,
        -0.0008333333319444445,
        0.0028333333286111114
    ],
    "reward_blue": [
        0.010999999981666668,
        0.03133333328111111,
        0.07616666653972222,
        0.13149999978083335,
        0.13616666643972222,
        0.03966666660055556,
        0.04249999992916667,
        0.06499999989166667,
        0.08133333319777779,
        0.017833333303611112,
        0.026666666622222224,
        0.03383333327694445,
        0.055333333241111116,
        0.03949999993416667,
        0.05349999991083334,
        0.0044999999925,
        -0.06799999988666668,
        -0.05899999990166667,
        -0.07633333320611112,
        0.001833333330277778,
        0.0004999999991666667,
        0.0023333333294444447,
        0.0011666666647222224,
        -0.0001666666663888889,
        0.001333333331111111,
        0.0008333333319444445,
        -0.0009999999983333334
    ]
}