{
    "red_p_own_coin_a": [
        0.49999996794872,
        0.5345911613464678,
        0.4759035857889406,
        0.5060240659021646,
        0.46258500254523793,
        0.5064102239480626,
        0.48611107735339737,
        0.5423728507133982,
        0.5067567225164377,
        0.48993285302464074,
        0.4968152549799201,
        0.5307691899408316,
        0.507246340054613,
        0.5234898977523559,
        0.5644171432872919,
        0.517241343638528,
        0.4863387712383185,
        0.530120449992744,
        0.5312499667968771
    ],
    "blue_p_own_coin_b": [
        0.5394736487188388,
        0.4802631262984785,
        0.48648645361578013,
        0.4722221894290146,
        0.49650346178297466,
        0.5328947017832433,
        0.49032254901144845,
        0.5347221850887371,
        0.5100670798612698,
        0.5679999545600036,
        0.4852940819636704,
        0.4911242312944242,
        0.48993285302464074,
        0.4970759943230413,
        0.5548780149464625,
        0.48295451801394784,
        0.44936706016664174,
        0.4942528451578824,
        0.4939024089083897
    ],
    "red_reward_a": [
        0.0035555555476543214,
        0.00022222222172839509,
        0.003111111104197531,
        0.003111111104197531,
        0.0006666666651851853,
        0.003111111104197531,
        -0.003111111104197531,
        0.009555555534320989,
        0.00044444444345679017,
        0.009111111090864198,
        0.0037777777693827163,
        -0.009333333312592593,
        -0.003111111104197531,
        -0.005111111099753087,
        0.0037777777693827163,
        -0.008222222203950618,
        0.0019999999955555557,
        -0.0022222222172839506,
        -0.0013333333303703705
    ],
    "blue_reward_b": [
        -0.0008888888869135803,
        0.0008888888869135803,
        -0.005777777764938272,
        -0.004444444434567901,
        -0.003333333325925926,
        -0.00044444444345679017,
        0.0015555555520987655,
        -0.003999999991111111,
        0.0006666666651851853,
        -0.005999999986666667,
        -0.004888888878024691,
        0.010444444421234569,
        0.002888888882469136,
        0.006444444430123457,
        0.004888888878024691,
        0.007999999982222223,
        -0.006666666651851852,
        0.003999999991111111,
        0.003111111104197531
    ]
}