{
    "red_p_own_coin_a": [
        0.49999986111114963,
        0.44999988750002806,
        0.5555554320987929,
        0.4999998529412197,
        0.5744679628791568,
        0.5636362611570434,
        0.5079364273116782,
        0.49999988095240927,
        0.466666562962986,
        0.5599998880000223,
        0.39473673822717414,
        0.4888887802469377,
        0.5957445540969033,
        0.5135133747261149,
        0.44999988750002806,
        0.5249998687500328,
        0.5142855673469807,
        0.5999998285714775,
        0.5217390170132571,
        0.49999987500003124,
        0.46511617090321605,
        0.4893615980081706,
        0.43181808367770824,
        0.4242422956841528,
        0.39999990000002494,
        0.5952379535147729,
        0.5151513590450426,
        0.4705880968858538,
        0.5128203813281073,
        0.4999998333333889,
        0.5526314335180438,
        0.5227271539256468,
        0.5238093990930002,
        0.5283017871128703,
        0.46511617090321605,
        0.4772726188016775,
        0.4565216398866,
        0.5208332248264115,
        0.45454535123969286,
        0.4864863550036878,
        0.5952379535147729,
        0.38461528599608047,
        0.6499998375000405,
        0.5957445540969033,
        0.5227271539256468,
        0.442307607248537,
        0.49090900165290874,
        0.536585234979211,
        0.5199998960000207,
        0.35849049839801916,
        0.5106381892259172,
        0.4615383431952966,
        0.41304338846882854,
        0.4374999088541856,
        0.5434781427221429,
        0.5135133747261149,
        0.5833332118055808,
        0.5094338661445535,
        0.5510202957101437,
        0.6041665407986373,
        0.46511617090321605,
        0.5227271539256468,
        0.4799999040000192,
        0.42307684171599197,
        0.4827585374554246,
        0.41071421237246203,
        0.399999920000016,
        0.4199999160000168
    ],
    "blue_p_own_coin_b": [
        0.4199999160000168,
        0.5128203813281073,
        0.5111109975308894,
        0.4897958184090166,
        0.5111109975308894,
        0.5681816890496161,
        0.4888887802469377,
        0.41176458477512207,
        0.38636354855373894,
        0.4473683033241307,
        0.4594593352812607,
        0.5348835965386984,
        0.466666511111163,
        0.4782607655954857,
        0.4897958184090166,
        0.5945944338933962,
        0.6060604224059325,
        0.5675674141709691,
        0.49999988095240927,
        0.47368408587260896,
        0.5666664777778407,
        0.4901959823145132,
        0.4722220910494191,
        0.5609754729328115,
        0.41025630506248584,
        0.6304346455576857,
        0.564102419460918,
        0.34042545948394476,
        0.6170211453146499,
        0.4062498730469146,
        0.5217390170132571,
        0.48717936226170194,
        0.5952379535147729,
        0.5555554320987929,
        0.5319147804436637,
        0.45454535123969286,
        0.4210525207756524,
        0.5555554012346107,
        0.5454543801653393,
        0.536585234979211,
        0.5142855673469807,
        0.4599999080000184,
        0.5476189172335911,
        0.57407396776408,
        0.4523808446712274,
        0.36956513705105715,
        0.5227271539256468,
        0.44680841557267753,
        0.5111109975308894,
        0.5245900779360527,
        0.466666562962986,
        0.5384614349112625,
        0.4782607655954857,
        0.3888887808642275,
        0.5581394050838593,
        0.5499998625000343,
        0.6097559488400124,
        0.4615383431952966,
        0.5510202957101437,
        0.4634145211184095,
        0.425531824354931,
        0.41304338846882854,
        0.46511617090321605,
        0.44444436213993294,
        0.530612136609768,
        0.466666562962986,
        0.466666562962986,
        0.4888887802469377
    ],
    "red_picks_coin_a": [
        0.14399999424000023,
        0.15999999360000025,
        0.17999999280000029,
        0.13599999456000023,
        0.1879999924800003,
        0.21999999120000036,
        0.2519999899200004,
        0.16799999328000026,
        0.17999999280000029,
        0.19999999200000032,
        0.15199999392000024,
        0.17999999280000029,
        0.1879999924800003,
        0.14799999408000022,
        0.15999999360000025,
        0.15999999360000025,
        0.13999999440000022,
        0.13999999440000022,
        0.1839999926400003,
        0.15999999360000025,
        0.17199999312000028,
        0.1879999924800003,
        0.17599999296000027,
        0.1319999947200002,
        0.15999999360000025,
        0.16799999328000026,
        0.1319999947200002,
        0.13599999456000023,
        0.15599999376000026,
        0.1199999952000002,
        0.15199999392000024,
        0.17599999296000027,
        0.16799999328000026,
        0.21199999152000035,
        0.17199999312000028,
        0.17599999296000027,
        0.1839999926400003,
        0.1919999923200003,
        0.17599999296000027,
        0.14799999408000022,
        0.16799999328000026,
        0.15599999376000026,
        0.15999999360000025,
        0.1879999924800003,
        0.17599999296000027,
        0.20799999168000033,
        0.21999999120000036,
        0.16399999344000027,
        0.19999999200000032,
        0.21199999152000035,
        0.1879999924800003,
        0.15599999376000026,
        0.1839999926400003,
        0.1919999923200003,
        0.1839999926400003,
        0.14799999408000022,
        0.1919999923200003,
        0.21199999152000035,
        0.1959999921600003,
        0.1919999923200003,
        0.17199999312000028,
        0.17599999296000027,
        0.19999999200000032,
        0.20799999168000033,
        0.23199999072000038,
        0.22399999104000035,
        0.19999999200000032,
        0.19999999200000032
    ],
    "blue_picks_coin_b": [
        0.19999999200000032,
        0.15599999376000026,
        0.17999999280000029,
        0.1959999921600003,
        0.17999999280000029,
        0.17599999296000027,
        0.17999999280000029,
        0.13599999456000023,
        0.17599999296000027,
        0.15199999392000024,
        0.14799999408000022,
        0.17199999312000028,
        0.1199999952000002,
        0.1839999926400003,
        0.1959999921600003,
        0.14799999408000022,
        0.1319999947200002,
        0.14799999408000022,
        0.16799999328000026,
        0.15199999392000024,
        0.1199999952000002,
        0.2039999918400003,
        0.14399999424000023,
        0.16399999344000027,
        0.15599999376000026,
        0.1839999926400003,
        0.15599999376000026,
        0.1879999924800003,
        0.1879999924800003,
        0.1279999948800002,
        0.1839999926400003,
        0.15599999376000026,
        0.16799999328000026,
        0.17999999280000029,
        0.1879999924800003,
        0.17599999296000027,
        0.15199999392000024,
        0.14399999424000023,
        0.1319999947200002,
        0.16399999344000027,
        0.13999999440000022,
        0.19999999200000032,
        0.16799999328000026,
        0.21599999136000034,
        0.16799999328000026,
        0.1839999926400003,
        0.17599999296000027,
        0.1879999924800003,
        0.17999999280000029,
        0.24399999024000038,
        0.17999999280000029,
        0.20799999168000033,
        0.1839999926400003,
        0.14399999424000023,
        0.17199999312000028,
        0.15999999360000025,
        0.16399999344000027,
        0.15599999376000026,
        0.1959999921600003,
        0.16399999344000027,
        0.1879999924800003,
        0.1839999926400003,
        0.17199999312000028,
        0.21599999136000034,
        0.1959999921600003,
        0.17999999280000029,
        0.17999999280000029,
        0.17999999280000029
    ],