{
    "red_p_own_coin_a": [
        0.4780876398787323,
        0.49999998913043503,
        0.5065789362592339,
        0.49790793937431094,
        0.5088105614799436,
        0.47682118152712627,
        0.505263147257618,
        0.5061224386505625,
        0.5074626757470645,
        0.4852652163995046,
        0.4977777667160497,
        0.517171706723804,
        0.49701788276306397,
        0.4999999895397492,
        0.4805194701186262,
        0.5042016700797969,
        0.5063291032420021,
        0.4781704682293042,
        0.5127118535442404,
        0.48478259815690006,
        0.4979508094682211,
        0.4871244530659989,
        0.518218612991526,
        0.5031055796458472,
        0.48670755650904796,
        0.47210299416088,
        0.4912280605998429,
        0.48785424113655385,
        0.487654310953615,
        0.5052410795546943,
        0.4787878691153966,
        0.5041152159647075,
        0.4758064420200314,
        0.4792452739765043,
        0.477231320997608,
        0.48228345507316034,
        0.5010706530819989,
        0.5048543591290416,
        0.49900595429411626,
        0.5322896177634125,
        0.4778225710116417,
        0.4912959286016262,
        0.483992457928579,
        0.46605503732009107,
        0.5099099007223441,
        0.509615374815089,
        0.48355898484412024,
        0.4999999909090911,
        0.5036900276071951,
        0.48295453630767926,
        0.46442686829195917,
        0.49348229993515275
    ],
    "blue_p_own_coin_b": [
        0.4681318578432559,
        0.5142857029827318,
        0.4904862475584303,
        0.4903640151956314,
        0.5088888775802471,
        0.46412555013171414,
        0.5043103339588291,
        0.5138592640968174,
        0.5121951105943435,
        0.4896694113704667,
        0.49152541331513955,
        0.5107758510608653,
        0.49999998936170237,
        0.49897749490843574,
        0.48837208269826465,
        0.5140388657874976,
        0.5140388657874976,
        0.46736841121329664,
        0.4937499897135419,
        0.49308754624222245,
        0.4834710643910937,
        0.47201491656688593,
        0.5288065734813463,
        0.4879120771887456,
        0.48290597258747925,
        0.47391303317580363,
        0.4907975359755105,
        0.4836223413560243,
        0.48510637265731127,
        0.5204081526447316,
        0.47899158657580704,
        0.49173552703025775,
        0.46827132454548526,
        0.46588693048953356,
        0.47647057889273375,
        0.4826839722362777,
        0.5079999898400003,
        0.5052410795546943,
        0.5029354109014597,
        0.5279383327950226,
        0.4903474808813228,
        0.4999999895397492,
        0.4758220410866143,
        0.4639175162078863,
        0.5224489689296129,
        0.49793387400963074,
        0.49496980895432985,
        0.5019455155263519,
        0.49227798277455637,
        0.4730538827733756,
        0.46058090330745016,
        0.4921568530949637
    ],
    "red_picks_coin_a": [
        0.16733333277555557,
        0.15333333282222222,
        0.15199999949333334,
        0.15933333280222223,
        0.15133333282888892,
        0.15099999949666668,
        0.15833333280555556,
        0.1633333327888889,
        0.15633333281222223,
        0.16966666610111114,
        0.1499999995,
        0.16499999945000002,
        0.1676666661077778,
        0.15933333280222223,
        0.15399999948666668,
        0.1586666661377778,
        0.15799999947333335,
        0.1603333327988889,
        0.1573333328088889,
        0.15333333282222222,
        0.16266666612444447,
        0.15533333281555556,
        0.1646666661177778,
        0.16099999946333335,
        0.16299999945666668,
        0.15533333281555556,
        0.17099999943000002,
        0.1646666661177778,
        0.16199999946000002,
        0.15899999947000001,
        0.16499999945000002,
        0.16199999946000002,
        0.16533333278222223,
        0.17666666607777778,
        0.18299999939000003,
        0.1693333327688889,
        0.1556666661477778,
        0.17166666609444445,
        0.1676666661077778,
        0.17033333276555557,
        0.16533333278222223,
        0.1723333327588889,
        0.17699999941000003,
        0.18166666606111112,
        0.18499999938333336,
        0.17333333275555557,
        0.1723333327588889,
        0.18333333272222224,
        0.18066666606444445,
        0.17599999941333336,
        0.16866666610444447,
        0.17899999940333336
    ],
    "blue_picks_coin_b": [
        0.15166666616111113,
        0.15166666616111113,
        0.15766666614111113,
        0.1556666661477778,
        0.1499999995,
        0.14866666617111113,
        0.15466666615111113,
        0.15633333281222223,
        0.15033333283222225,
        0.16133333279555556,
        0.1573333328088889,
        0.15466666615111113,
        0.15666666614444447,
        0.16299999945666668,
        0.15766666614111113,
        0.1543333328188889,
        0.1543333328188889,
        0.15833333280555556,
        0.15999999946666668,
        0.14466666618444446,
        0.16133333279555556,
        0.17866666607111112,
        0.16199999946000002,
        0.15166666616111113,
        0.15599999948,
        0.15333333282222222,
        0.16299999945666668,
        0.17299999942333336,
        0.15666666614444447,
        0.1633333327888889,
        0.1586666661377778,
        0.16133333279555556,
        0.15233333282555556,
        0.17099999943000002,
        0.16999999943333335,
        0.15399999948666668,
        0.16666666611111114,
        0.15899999947000001,
        0.17033333276555557,
        0.17299999942333336,
        0.17266666609111112,
        0.15933333280222223,
        0.1723333327588889,
        0.1616666661277778,
        0.1633333327888889,
        0.16133333279555556,
        0.16566666611444447,
        0.17133333276222223,
        0.17266666609111112,
        0.16699999944333335,
        0.16066666613111114,
        0.16999999943333335
    ],
    "red_reward_a": [
        0.00599999998,
        0.00599999998,
        -0.008666666637777778,
        0.0006666666644444445,
        0.003999999986666667,
        -0.008333333305555557,
        0.004999999983333334,
        0.011333333295555557,
        0.009666666634444446,
        0.004999999983333334,
        -0.009999999966666668,
        0.013666666621111113,
        0.010999999963333335,
        -0.003999999986666667,
        -0.007333333308888889,
        0.008666666637777778,
        0.007999999973333335,
        -0.008333333305555557,
        -0.004666666651111112,
        0.006666666644444445,
        -0.003999999986666667,
        -0.033333333222222226,
        0.01199999996,
        0.005666666647777778,
        0.0016666666611111112,
        -0.00599999998,
        0.004999999983333334,
        -0.013999999953333335,
        0.0006666666644444445,
        0.002333333325555556,
        -0.00033333333222222223,
        -0.0019999999933333337,
        0.0033333333222222224,
        -0.00599999998,
        0.004999999983333334,
        0.009999999966666668,
        -0.008333333305555557,
        0.014333333285555557,
        -0.0016666666611111112,
        0.0069999999766666675,
        -0.010666666631111111,
        0.012999999956666668,
        -0.0036666666544444447,
        0.008333333305555557,
        0.028999999903333337,
        0.011333333295555557,
        0.004999999983333334,
        0.012666666624444446,
        0.005333333315555556,
        0.0,
        -0.004666666651111112,
        0.006333333312222223
    ],