{
    "red_p_own_coin_a": [
        0.5350318130552986
    ],
    "blue_p_own_coin_b": [
        0.48611107735339737
    ],
    "red_reward_a": [
        0.0019999999955555557
    ],
    "blue_reward_b": [
        -0.00044444444345679017
    ]
}