{
    "red_p_own_coin_a": [
        0.5234374591064485
    ],
    "blue_p_own_coin_b": [
        0.5259258869684528
    ],
    "red_reward_a": [
        0.0
    ],
    "blue_reward_b": [
        0.002888888882469136
    ]
}