{
    "red_p_own_coin_a": [
        0.5185185116598081,
        0.49510488818035125,
        0.5231092327077893,
        0.5263155124655198,
        0.620689441141572,
        0.49999980769238167,
        0.25925916323734693,
        0.59999970000015,
        0.5384613313610264,
        0.4230767603550922,
        0.31818167355378474,
        0.5555552469137517,
        0.7037034430727989,
        0.6874995703127685,
        0.4399998240000704,
        0.4285712244898931,
        0.4166664930556279,
        0.699999650000175,
        0.620689441141572,
        0.3846152366864474,
        0.6363634435262292,
        0.4615382840237369,
        0.5357140943878235,
        0.4705880968858538,
        0.4827584542212227,
        0.41935470343396664,
        0.599999760000096,
        0.49999979166675346,
        0.4999998214286352,
        0.6315786149586237,
        0.4285712244898931,
        0.4399998240000704,
        0.5769228550296711,
        0.6521736294897263,
        0.5199997920000832,
        0.4782606616257993,
        0.6399997440001024,
        0.5714282993198575,
        0.4799998080000768,
        0.4285712244898931,
        0.5499997250001375,
        0.5185183264746939,
        0.5652171455577628,
        0.5454543801653393,
        0.5483869198751872,
        0.5312498339844268,
        0.49999979166675346,
        0.4545452479339782,
        0.5789470637120717,
        0.49999977272737606,
        0.5294116089965856,
        0.4499997750001125,
        0.4782606616257993,
        0.516128865764882,
        0.49999977272737606,
        0.3448274673008733,
        0.51724120095131,
        0.5185183264746939,
        0.523809274376536,
        0.41379296076104805,
        0.5806449739854923,
        0.5151513590450426,
        0.484848337924746,
        0.4999998437500488,
        0.41935470343396664
    ],
    "blue_p_own_coin_b": [
        0.5194968488113604,
        0.48681897211214464,
        0.5094339430402286,
        0.6666655555574075,
        0.6249992187509766,
        0.8333319444467593,
        0.7499981250046875,
        0.5999994000006,
        0.5555549382722909,
        0.3999996000004,
        0.2857138775516035,
        0.24999968750039064,
        0.45454504132268975,
        0.7499990625011719,
        0.1818180165290759,
        0.22222197530891633,
        0.571427755103207,
        0.3333329629633745,
        0.6249992187509766,
        0.24999968750039064,
        0.4285708163274053,
        0.4285708163274053,
        0.6249992187509766,
        0.49999875000312505,
        0.6249992187509766,
        0.6666644444518518,
        0.1999998000002,
        0.37499953125058594,
        0.2999997000003,
        0.49999950000050003,
        0.46153810650914884,
        0.33333305555578707,
        0.7499990625011719,
        0.6249992187509766,
        0.37499953125058594,
        0.16666638888935187,
        0.4999993750007813,
        0.7499981250046875,
        0.3999996000004,
        0.4999993750007813,
        0.6363630578517656,
        0.666665925926749,
        0.49999950000050003,
        0.7272720661163036,
        0.5833328472226273,
        0.6666644444518518,
        0.5454540495872277,
        0.6363630578517656,
        0.3333329629633745,
        0.37499953125058594,
        0.49999750001249993,
        0.5555549382722909,
        0.16666638888935187,
        0.5555549382722909,
        0.5555549382722909,
        0.3999996000004,
        0.7499981250046875,
        0.4166663194447338,
        0.44444395061783265,
        0.3999996000004,
        0.7142846938790088,
        0.7499990625011719,
        0.44444395061783265,
        0.35714260204099857,
        0.24999968750039064
    ],
    "red_picks_coin_a": [
        0.1511999996976,
        0.14299999971400001,
        0.0951999998096,
        0.0037999999924000004,
        0.0057999999884,
        0.0051999999896,
        0.0053999999892000005,
        0.003999999992,
        0.0051999999896,
        0.0051999999896,
        0.0043999999912000005,
        0.0035999999928,
        0.0053999999892000005,
        0.0031999999936000003,
        0.00499999999,
        0.0041999999916,
        0.0047999999904,
        0.003999999992,
        0.0057999999884,
        0.0051999999896,
        0.006599999986800001,
        0.0051999999896,
        0.005599999988800001,
        0.0067999999864,
        0.0057999999884,
        0.0061999999876,
        0.00499999999,
        0.0047999999904,
        0.005599999988800001,
        0.0037999999924000004,
        0.0041999999916,
        0.00499999999,
        0.0051999999896,
        0.004599999990800001,
        0.00499999999,
        0.004599999990800001,
        0.00499999999,
        0.0041999999916,
        0.00499999999,
        0.0041999999916,
        0.003999999992,
        0.0053999999892000005,
        0.004599999990800001,
        0.006599999986800001,
        0.0061999999876,
        0.0063999999872000005,
        0.0047999999904,
        0.0043999999912000005,
        0.0037999999924000004,
        0.0043999999912000005,
        0.0067999999864,
        0.003999999992,
        0.004599999990800001,
        0.0061999999876,
        0.0043999999912000005,
        0.0057999999884,
        0.0057999999884,
        0.0053999999892000005,
        0.0041999999916,
        0.0057999999884,
        0.0061999999876,
        0.006599999986800001,
        0.006599999986800001,
        0.0063999999872000005,
        0.0061999999876
    ],
    "blue_picks_coin_b": [
        0.15899999968200001,
        0.1137999997724,
        0.052999999894000005,
        0.0011999999976,
        0.0015999999968000001,
        0.0011999999976,
        0.0007999999984000001,
        0.001999999996,
        0.0017999999964,
        0.001999999996,
        0.0013999999972000002,
        0.0015999999968000001,
        0.0021999999956000002,
        0.0015999999968000001,
        0.0021999999956000002,
        0.0017999999964,
        0.0013999999972000002,
        0.0017999999964,
        0.0015999999968000001,
        0.0015999999968000001,
        0.0013999999972000002,
        0.0013999999972000002,
        0.0015999999968000001,
        0.0007999999984000001,
        0.0015999999968000001,
        0.0005999999988,
        0.001999999996,
        0.0015999999968000001,
        0.001999999996,
        0.001999999996,
        0.0025999999948,
        0.0023999999952,
        0.0015999999968000001,
        0.0015999999968000001,
        0.0015999999968000001,
        0.0011999999976,
        0.0015999999968000001,
        0.0007999999984000001,
        0.001999999996,
        0.0015999999968000001,
        0.0021999999956000002,
        0.0017999999964,
        0.001999999996,
        0.0021999999956000002,
        0.0023999999952,
        0.0005999999988,
        0.0021999999956000002,
        0.0021999999956000002,
        0.0017999999964,
        0.0015999999968000001,
        0.00039999999920000003,
        0.0017999999964,
        0.0011999999976,
        0.0017999999964,
        0.0017999999964,
        0.001999999996,
        0.0007999999984000001,
        0.0023999999952,
        0.0017999999964,
        0.001999999996,
        0.0013999999972000002,
        0.0015999999968000001,
        0.0017999999964,
        0.0027999999944000003,
        0.0015999999968000001
    ],