{
    "red_p_own_coin_a": [
        0.464968146943081,
        0.4939758970016614,
        0.5067934713750887,
        0.5179948519537937,
        0.5022156498934173,
        0.49999999216300955,
        0.5007256821375082,
        0.4971264296389881,
        0.49927849207390346,
        0.5014285642653062,
        0.500707206496362,
        0.49775784009330587,
        0.49707601612461966,
        0.4976815997267141,
        0.49999999287749297,
        0.5019920252059492,
        0.4979367194231538,
        0.4984984910135362,
        0.5022488680322509,
        0.5013586888402353
    ],
    "blue_p_own_coin_b": [
        0.46532155781435613,
        0.48635633248224186,
        0.5139318726336882,
        0.5232198061421083,
        0.39999920000160005,
        0.7777769135812072,
        0.2857138775516035,
        0.0,
        0.7499981250046875,
        0.45454504132268975,
        0.3999996000004,
        0.6249992187509766,
        0.24999937500156252,
        0.3333329629633745,
        0.33333277777870374,
        0.6153841420121985,
        0.49999950000050003,
        0.8333319444467593,
        0.19999960000080003,
        0.5714281632655976
    ],
    "red_picks_coin_a": [
        0.156999999686,
        0.14939999970120002,
        0.14719999970560002,
        0.1555999996888,
        0.1353999997292,
        0.12759999974480002,
        0.13779999972440002,
        0.13919999972160002,
        0.13859999972280002,
        0.13999999972000002,
        0.14139999971720002,
        0.1337999997324,
        0.1367999997264,
        0.1293999997412,
        0.1403999997192,
        0.1505999996988,
        0.1453999997092,
        0.1331999997336,
        0.13339999973320002,
        0.14719999970560002
    ],
    "blue_picks_coin_b": [
        0.1585999996828,
        0.12459999975080001,
        0.0645999998708,
        0.1291999997416,
        0.000999999998,
        0.0017999999964,
        0.0013999999972000002,
        0.0005999999988,
        0.0007999999984000001,
        0.0021999999956000002,
        0.001999999996,
        0.0015999999968000001,
        0.0007999999984000001,
        0.0017999999964,
        0.0011999999976,
        0.0025999999948,
        0.001999999996,
        0.0011999999976,
        0.000999999998,
        0.0027999999944000003
    ],
    "red_reward_a": [
        0.156999999686,
        0.14939999970120002,
        0.14719999970560002,
        0.1555999996888,
        0.1353999997292,
        0.12759999974480002,
        0.13779999972440002,
        0.13919999972160002,
        0.13859999972280002,
        0.13999999972000002,
        0.14139999971720002,
        0.1337999997324,
        0.1367999997264,
        0.1293999997412,
        0.1403999997192,
        0.1505999996988,
        0.1453999997092,
        0.1331999997336,
        0.13339999973320002,
        0.14719999970560002
    ],
    "blue_reward_b": [
        0.1585999996828,
        0.12459999975080001,
        0.0645999998708,
        0.1291999997416,
        0.000999999998,
        0.0017999999964,
        0.0013999999972000002,
        0.0005999999988,
        0.0007999999984000001,
        0.0021999999956000002,
        0.001999999996,
        0.0015999999968000001,
        0.0007999999984000001,
        0.0017999999964,
        0.0011999999976,
        0.0025999999948,
        0.001999999996,
        0.0011999999976,
        0.000999999998,
        0.0027999999944000003
    ]
}