{
    "red_p_own_coin_a": [
        0.4897959131063812,
        0.5160621708180086,
        0.5096481213433811,
        0.500558653625043,
        0.5060109234315746,
        0.5017064789339423,
        0.4910431981976481,
        0.4932584214240627,
        0.49999999462365596,
        0.507660873261891,
        0.5072115323652461,
        0.44052861495468654,
        0.5049999873750003,
        0.4604316381139699,
        0.4865900196708805,
        0.50719422635992,
        0.5159999793600009,
        0.5433525697484064,
        0.5166666494444451,
        0.49420847512708593,
        0.4960937306213387,
        0.5466666423703714,
        0.4825174487750036,
        0.4999999675324696,
        0.47881353903332463,
        0.5310734163235358,
        0.5038167554338354,
        0.4799999760000012,
        0.5233644615250251,
        0.5128204940358794,
        0.5035561806037527,
        0.5038759494621725,
        0.5184381666282394,
        0.5098522104698003,
        0.4734299288198102,
        0.5283950486816038
    ],
    "blue_p_own_coin_b": [
        0.4948571372016327,
        0.5155875237939146,
        0.5047021864466742,
        0.5008210098387355,
        0.5077793421813389,
        0.5048543628051655,
        0.4848484791975702,
        0.48708009706614863,
        0.517791404689676,
        0.5023255755543538,
        0.4977678515874124,
        0.49219687284277464,
        0.5035246676382209,
        0.48295453630767926,
        0.49380530099459646,
        0.4935064854950246,
        0.49082567681592487,
        0.5186566970650487,
        0.5011792393728863,
        0.49015063163209005,
        0.5025380583112168,
        0.5173333195377782,
        0.48364484851297085,
        0.5056179680595886,
        0.4900900856748641,
        0.5121951130279597,
        0.49684209480332436,
        0.5624998242188048,
        0.5312498339844268,
        0.5882351211073172,
        0.3888887808642275,
        0.5333331555556148,
        0.4814813031550729,
        0.4761902494332146,
        0.5526314335180438,
        0.51724120095131
    ],
    "red_picks_coin_a": [
        0.15516666640805557,
        0.16083333306527778,
        0.14683333308861113,
        0.14916666641805557,
        0.15249999974583334,
        0.14649999975583333,
        0.15816666640305557,
        0.14833333308611113,
        0.15499999974166667,
        0.16316666639472224,
        0.13866666643555556,
        0.037833333270277776,
        0.06666666655555556,
        0.046333333256111116,
        0.043499999927500005,
        0.046333333256111116,
        0.04166666659722222,
        0.02883333328527778,
        0.04999999991666667,
        0.04316666659472222,
        0.042666666595555555,
        0.0374999999375,
        0.023833333293611113,
        0.02566666662388889,
        0.03933333326777778,
        0.029499999950833335,
        0.021833333296944445,
        0.03333333327777778,
        0.035666666607222224,
        0.045499999924166666,
        0.11716666647138889,
        0.04299999992833334,
        0.07683333320527778,
        0.1353333331077778,
        0.0344999999425,
        0.06749999988750001
    ],
    "blue_picks_coin_b": [
        0.1458333330902778,
        0.13899999976833333,
        0.10633333315611111,
        0.10149999983083334,
        0.11783333313694445,
        0.13733333310444445,
        0.14299999976166666,
        0.128999999785,
        0.13583333310694445,
        0.14333333309444446,
        0.14933333308444446,
        0.13883333310194446,
        0.16549999972416668,
        0.08799999985333334,
        0.09416666650972223,
        0.10266666649555556,
        0.07266666654555556,
        0.04466666659222222,
        0.1413333330977778,
        0.14383333309361113,
        0.06566666655722223,
        0.06249999989583334,
        0.07133333321444445,
        0.08899999985166666,
        0.18499999969166667,
        0.09566666650722222,
        0.07916666653472222,
        0.005333333324444444,
        0.005333333324444444,
        0.005666666657222223,
        0.00599999999,
        0.004999999991666667,
        0.0044999999925,
        0.0034999999941666667,
        0.0063333333227777785,
        0.004833333325277778
    ],
    "red_reward_a": [
        0.007833333320277778,
        0.026166666623055557,
        0.04149999993083334,
        0.04783333325361111,
        0.036499999939166666,
        0.010499999982500001,
        0.010833333315277778,
        0.015999999973333335,
        0.02399999996,
        0.020499999965833335,
        -0.011333333314444445,
        -0.10316666649472223,
        -0.09766666650388889,
        -0.04466666659222222,
        -0.051833333246944446,
        -0.05766666657055556,
        -0.032333333279444446,
        -0.014166666643055556,
        -0.09099999984833333,
        -0.10349999982750001,
        -0.02266666662888889,
        -0.02283333329527778,
        -0.04983333325027778,
        -0.06233333322944445,
        -0.14933333308444446,
        -0.06383333322694444,
        -0.057833333236944444,
        0.028666666618888892,
        0.030666666615555557,
        0.04083333326527778,
        0.10983333315027778,
        0.03833333326944444,
        0.0721666665463889,
        0.13166666644722222,
        0.02883333328527778,
        0.06283333322861111
    ],
    "blue_reward_b": [
        -0.012499999979166667,
        -0.01666666663888889,
        -0.03766666660388889,
        -0.047499999920833334,
        -0.03283333327861111,
        -0.008666666652222222,
        -0.01799999997,
        -0.021333333297777778,
        -0.01916666663472222,
        -0.017333333304444445,
        0.012666666645555557,
        0.09649999983916667,
        0.09949999983416667,
        0.03799999993666667,
        0.0494999999175,
        0.056999999905,
        0.032333333279444446,
        0.01833333330277778,
        0.092999999845,
        0.10016666649972222,
        0.02266666662888889,
        0.0284999999525,
        0.04666666658888889,
        0.06333333322777777,
        0.14399999976,
        0.06799999988666668,
        0.05749999990416667,
        -0.029333333284444447,
        -0.028666666618888892,
        -0.038666666602222226,
        -0.11033333314944445,
        -0.03766666660388889,
        -0.06949999988416666,
        -0.12916666645138888,
        -0.02999999995,
        -0.05883333323527778
    ]
}