{
    "red_p_own_coin_a": [
        0.5595237429138401,
        0.5342465021580134,
        0.45679006706295466,
        0.464285659013612,
        0.511627847485134,
        0.4660193722311289,
        0.5454544958677731,
        0.5529411114186927,
        0.46491223991997893,
        0.47560969809637826,
        0.449999943750007
    ],
    "blue_p_own_coin_b": [
        0.5145630568385382,
        0.47321424346301394,
        0.45977006209539517,
        0.488095179988669,
        0.5181817710743845,
        0.464285659013612,
        0.5454544903581323,
        0.5360824189605754,
        0.5212765402897297,
        0.5066665991111201,
        0.4479166200086854
    ],
    "red_picks_coin_a": [
        0.02799999990666667,
        0.024333333252222224,
        0.026999999910000003,
        0.02799999990666667,
        0.028666666571111114,
        0.034333333218888894,
        0.03666666654444445,
        0.02833333323888889,
        0.037999999873333336,
        0.027333333242222226,
        0.02666666657777778
    ],
    "blue_picks_coin_b": [
        0.034333333218888894,
        0.037333333208888896,
        0.028999999903333337,
        0.02799999990666667,
        0.03666666654444445,
        0.02799999990666667,
        0.032999999890000006,
        0.03233333322555556,
        0.03133333322888889,
        0.024999999916666668,
        0.03199999989333334
    ],
    "red_reward_a": [
        0.02799999990666667,
        0.024333333252222224,
        0.026999999910000003,
        0.02799999990666667,
        0.028666666571111114,
        0.034333333218888894,
        0.03666666654444445,
        0.02833333323888889,
        0.037999999873333336,
        0.027333333242222226,
        0.02666666657777778
    ],
    "blue_reward_b": [
        0.034333333218888894,
        0.037333333208888896,
        0.028999999903333337,
        0.02799999990666667,
        0.03666666654444445,
        0.02799999990666667,
        0.032999999890000006,
        0.03233333322555556,
        0.03133333322888889,
        0.024999999916666668,
        0.03199999989333334
    ]
}