{
    "red_p_own_coin_a": [
        0.4953916936545693,
        0.5037036912665755,
        0.488636352530992
    ],
    "blue_p_own_coin_b": [
        0.4920273236440246,
        0.5053304796304802,
        0.5052631445983383
    ],
    "red_reward_a": [
        -0.032142857119897957,
        -0.032928571405051024,
        -0.027571428551734695
    ],
    "blue_reward_b": [
        -0.031785714263010204,
        -0.028357142836887755,
        -0.03185714283438776
    ]
}