{
    "red_p_own_coin_a": [
        0.5198187936600364,
        0.4866962252029243,
        0.48442904898169387
    ],
    "blue_p_own_coin_b": [
        0.5178365878269667,
        0.4734848425065045,
        0.4653464885795556
    ],
    "red_picks_coin_a": [
        0.1471666664213889,
        0.1503333330827778,
        0.04816666658638889
    ],
    "blue_picks_coin_b": [
        0.14483333309194446,
        0.13199999978000002,
        0.016833333305277778
    ],
    "red_reward_a": [
        -0.4924999991791667,
        -0.48866666585222224,
        -0.4698333325502778
    ],
    "blue_reward_b": [
        -0.49649999917250004,
        -0.5223333324627778,
        -0.5328333324452778
    ]
}