{
    "cooperation_a": [
        0.4969999950300001,
        0.9999999900000002,
        0.9999999900000002,
        0.9999999900000002,
        0.9999999900000002,
        0.9989999900100002,
        0.9999999900000002,
        0.9999999900000002,
        0.9999999900000002,
        0.9999999900000002,
        0.9999999900000002,
        0.9999999900000002,
        0.9999999900000002,
        0.9999999900000002,
        0.9999999900000002,
        0.9999999900000002,
        0.9999999900000002,
        0.9999999900000002,
        0.9999999900000002,
        0.9999999900000002,
        0.9999999900000002,
        0.9999999900000002,
        0.9999999900000002,
        0.9999999900000002,
        0.9999999900000002,
        0.9999999900000002,
        0.9999999900000002,
        0.9999999900000002,
        0.9999999900000002,
        0.9999999900000002,
        0.9999999900000002,
        0.9999999900000002,
        0.9999999900000002,
        0.9999999900000002,
        0.9999999900000002,
        0.9999999900000002,
        0.9999999900000002,
        0.9999999900000002,
        0.9999999900000002,
        0.9999999900000002
    ],
    "cooperation_b": [
        0.4989999950100001,
        0.9929999900700002,
        0.9949999900500002,
        0.9879999901200002,
        0.9899999901000002,
        0.9879999901200002,
        0.9739999902600002,
        0.9819999901800002,
        0.9739999902600002,
        0.9679999903200002,
        0.9569999904300002,
        0.9129999908700002,
        0.81799999182,
        0.6899999931,
        0.4619999953800001,
        0.09699999903,
        0.03199999968,
        0.0199999998,
        0.00799999992,
        0.006999999930000001,
        0.00599999994,
        0.00399999996,
        0.00799999992,
        0.00499999995,
        0.00299999997,
        0.006999999930000001,
        0.00399999996,
        0.00299999997,
        0.00299999997,
        0.00299999997,
        0.00299999997,
        0.00199999998,
        0.00199999998,
        0.00099999999,
        0.0,
        0.00099999999,
        0.00099999999,
        0.00399999996,
        0.00099999999,
        0.00399999996
    ],
    "reward_a": [
        -1.4989999850100002,
        -1.01399998986,
        -1.0099999899,
        -1.02399998976,
        -1.0199999898,
        -1.0229999897700002,
        -1.05199998948,
        -1.03599998964,
        -1.05199998948,
        -1.06399998936,
        -1.08599998914,
        -1.17399998826,
        -1.36399998636,
        -1.6199999838,
        -2.07599997924,
        -2.8059999719400004,
        -2.93599997064,
        -2.9599999704,
        -2.98399997016,
        -2.9859999701400004,
        -2.98799997012,
        -2.99199997008,
        -2.98399997016,
        -2.9899999701000004,
        -2.9939999700600004,
        -2.9859999701400004,
        -2.99199997008,
        -2.9939999700600004,
        -2.9939999700600004,
        -2.9939999700600004,
        -2.9939999700600004,
        -2.99599997004,
        -2.99599997004,
        -2.9979999700200004,
        -2.99999997,
        -2.9979999700200004,
        -2.9979999700200004,
        -2.99199997008,
        -2.9979999700200004,
        -2.99199997008
    ],
    "reward_b": [
        -1.5049999849500002,
        -0.9929999900700002,
        -0.9949999900500002,
        -0.9879999901200002,
        -0.9899999901000002,
        -0.9899999901000002,
        -0.9739999902600002,
        -0.9819999901800002,
        -0.9739999902600002,
        -0.9679999903200002,
        -0.9569999904300002,
        -0.9129999908700002,
        -0.81799999182,
        -0.6899999931,
        -0.4619999953800001,
        -0.09699999903,
        -0.03199999968,
        -0.0199999998,
        -0.00799999992,
        -0.006999999930000001,
        -0.00599999994,
        -0.00399999996,
        -0.00799999992,
        -0.00499999995,
        -0.00299999997,
        -0.006999999930000001,
        -0.00399999996,
        -0.00299999997,
        -0.00299999997,
        -0.00299999997,
        -0.00299999997,
        -0.00199999998,
        -0.00199999998,
        -0.00099999999,
        0.0,
        -0.00099999999,
        -0.00099999999,
        -0.00399999996,
        -0.00099999999,
        -0.00399999996
    ]
}