{
    "red_p_own_coin_a": [
        0.5189873089248539
    ],
    "blue_p_own_coin_b": [
        0.5057470973708564
    ],
    "red_reward_a": [
        -0.003111111104197531
    ],
    "blue_reward_b": [
        0.004888888878024691
    ]
}