{
    "red_p_own_coin_a": [
        0.5641025279421457
    ],
    "blue_p_own_coin_b": [
        0.5348836794663814
    ],
    "red_reward_a": [
        0.007999999982222223
    ],
    "blue_reward_b": [
        -0.0015555555520987655
    ]
}