{
    "red_p_own_coin_a": [
        0.4810810745799855,
        0.49387254296724825,
        0.49934468546075117,
        0.5120711497830858,
        0.49267642486449503,
        0.487483524539084,
        0.5125944519824377,
        0.5032174967410876,
        0.5142486980019599,
        0.5100671072474214,
        0.49682337361088474,
        0.494818646440173,
        0.5096296220795612,
        0.4999999933687004,
        0.5066137499125165,
        0.4880503083264112,
        0.48913042813681484,
        0.48847261543987586,
        0.4834437022060437,
        0.49066666012444454,
        0.5142857072886299,
        0.4875164193493243,
        0.5076923005917161,
        0.49860723539544244,
        0.4964438051714964,
        0.5261744895815504,
        0.5117891745937702,
        0.510835905405017,
        0.5063291068026848,
        0.49789028835597343,
        0.48994252169622815,
        0.48063127000529027,
        0.4999999927113704,
        0.5069984369051566,
        0.4992389573936232,
        0.48939928463958865,
        0.5075376799407424,
        0.4968051038849025,
        0.5270540976542265,
        0.5070671288504041,
        0.5249999906250002,
        0.49782607613421576,
        0.4888888780246916,
        0.4934782501417772,
        0.4738040894349866,
        0.4987405415934373
    ],
    "blue_p_own_coin_b": [
        0.4832713694761912,
        0.5006195724830289,
        0.4895013059120564,
        0.5164690314035701,
        0.4829931907075756,
        0.4939758970016614,
        0.5013550067567072,
        0.5026881652864494,
        0.5040322512898892,
        0.4926958765910242,
        0.48714478366515857,
        0.47711511127440903,
        0.5054794451304185,
        0.504310337581748,
        0.506849308125352,
        0.47978436011072295,
        0.4891774821186511,
        0.49265686925691765,
        0.47694334022472545,
        0.4930362048323649,
        0.5179063289544583,
        0.4815361819566295,
        0.5095447795955246,
        0.49249658263988294,
        0.5103448205469681,
        0.5210083960643082,
        0.5047770620258429,
        0.5059701417019382,
        0.4878419378747426,
        0.4944356042220095,
        0.4889937030032437,
        0.48865354782672393,
        0.5007727897871285,
        0.511075941280444,
        0.5114379001399036,
        0.4864376042235515,
        0.5059625126752554,
        0.49727766792599515,
        0.5214843648147586,
        0.4932735315409522,
        0.513888878692681,
        0.49999998842592625,
        0.48792269352843737,
        0.49379651380157535,
        0.4796954192970706,
        0.5069251937139836
    ],
    "red_picks_coin_a": [
        0.14799999970400002,
        0.16319999967360002,
        0.1525999996948,
        0.15739999968520002,
        0.15019999969960002,
        0.1517999996964,
        0.1587999996824,
        0.1553999996892,
        0.1543999996912,
        0.148999999702,
        0.15739999968520002,
        0.1543999996912,
        0.13499999973000001,
        0.1507999996984,
        0.1511999996976,
        0.15899999968200001,
        0.14719999970560002,
        0.1387999997224,
        0.15099999969800001,
        0.1499999997,
        0.146999999706,
        0.1521999996956,
        0.14299999971400001,
        0.14359999971280002,
        0.1405999997188,
        0.148999999702,
        0.1441999997116,
        0.1291999997416,
        0.14219999971560002,
        0.14219999971560002,
        0.13919999972160002,
        0.1393999997212,
        0.1371999997256,
        0.1285999997428,
        0.1313999997372,
        0.11319999977360001,
        0.11939999976120001,
        0.1251999997496,
        0.09979999980040001,
        0.11319999977360001,
        0.111999999776,
        0.091999999816,
        0.08999999982000001,
        0.091999999816,
        0.08779999982440001,
        0.0793999998412
    ],
    "blue_picks_coin_b": [
        0.1613999996772,
        0.1613999996772,
        0.15239999969520002,
        0.1517999996964,
        0.146999999706,
        0.14939999970120002,
        0.1475999997048,
        0.14879999970240002,
        0.14879999970240002,
        0.1505999996988,
        0.1477999997044,
        0.1441999997116,
        0.145999999708,
        0.13919999972160002,
        0.145999999708,
        0.1483999997032,
        0.13859999972280002,
        0.1497999997004,
        0.1517999996964,
        0.14359999971280002,
        0.14519999970960001,
        0.1353999997292,
        0.1361999997276,
        0.14659999970680002,
        0.14499999971000002,
        0.1427999997144,
        0.1255999997488,
        0.133999999732,
        0.1315999997368,
        0.1257999997484,
        0.1271999997456,
        0.1321999997356,
        0.1293999997412,
        0.1263999997472,
        0.12239999975520001,
        0.1105999997788,
        0.1173999997652,
        0.1101999997796,
        0.10239999979520001,
        0.0891999998216,
        0.1007999997984,
        0.08639999982720001,
        0.0827999998344,
        0.08059999983880001,
        0.0787999998424,
        0.07219999985560001
    ],
    "red_reward_a": [
        -0.1021999997956,
        -0.0785999998428,
        -0.0807999998384,
        -0.0627999998744,
        -0.0777999998444,
        -0.07499999985,
        -0.061999999876,
        -0.0665999998668,
        -0.066999999866,
        -0.08019999983960001,
        -0.06999999986000001,
        -0.07179999985640001,
        -0.08159999983680001,
        -0.0561999998876,
        -0.0647999998704,
        -0.07259999985480001,
        -0.0651999998696,
        -0.0891999998216,
        -0.0871999998256,
        -0.0683999998632,
        -0.062999999874,
        -0.0583999998832,
        -0.057399999885200004,
        -0.0795999998408,
        -0.0723999998552,
        -0.0561999998876,
        -0.0423999999152,
        -0.0693999998612,
        -0.05999999988,
        -0.0485999999028,
        -0.0557999998884,
        -0.0633999998732,
        -0.056599999886800006,
        -0.056799999886400006,
        -0.047999999904,
        -0.057199999885600004,
        -0.054599999890800006,
        -0.040999999918000005,
        -0.047199999905600004,
        -0.022399999955200003,
        -0.034999999930000004,
        -0.0375999999248,
        -0.037199999925600004,
        -0.030399999939200003,
        -0.035199999929600004,
        -0.027399999945200003
    ],
    "blue_reward_b": [
        -0.068999999862,
        -0.08639999982720001,
        -0.0767999998464,
        -0.0785999998428,
        -0.08159999983680001,
        -0.083999999832,
        -0.08459999983080001,
        -0.0827999998344,
        -0.07619999984760001,
        -0.0683999998632,
        -0.0897999998204,
        -0.0897999998204,
        -0.0525999998948,
        -0.086999999826,
        -0.0777999998444,
        -0.09579999980840001,
        -0.086999999826,
        -0.0631999998736,
        -0.0821999998356,
        -0.08559999982880001,
        -0.068999999862,
        -0.0985999998028,
        -0.07499999985,
        -0.0693999998612,
        -0.0673999998652,
        -0.068999999862,
        -0.08559999982880001,
        -0.0555999998888,
        -0.078999999842,
        -0.0883999998232,
        -0.0857999998284,
        -0.08499999983,
        -0.0763999998472,
        -0.06379999987240001,
        -0.07499999985,
        -0.0627999998744,
        -0.058999999882000005,
        -0.0787999998424,
        -0.039199999921600004,
        -0.0781999998436,
        -0.058799999882400006,
        -0.0521999998956,
        -0.055199999889600004,
        -0.059199999881600004,
        -0.0597999998804,
        -0.047199999905600004
    ]
}