{
    "red_p_own_coin_a": [
        0.490790893924259,
        0.4978947316011081,
        0.5166487592196696,
        0.5164835093889628,
        0.5227032679756782,
        0.5143422303230244,
        0.4958506172629604,
        0.5080808029486787,
        0.49775280339603595,
        0.49652777203092857,
        0.5103519615905594,
        0.5061728338252207,
        0.5081967164108321,
        0.49607842650903505,
        0.501893934641156,
        0.49999999512670573,
        0.4968553414478406,
        0.5004035472122393,
        0.5004198110795985,
        0.4979079456242013,
        0.49961918888332685,
        0.49922359860851245,
        0.4999999963181149,
        0.5043478224322622,
        0.50339673571062,
        0.49700996347501686,
        0.4976494258049065,
        0.5039577803169012,
        0.5012209981610439,
        0.4953917022154856,
        0.500283283284514,
        0.5049889107262255,
        0.5021413249350036,
        0.5015368826765528,
        0.501498498993514,
        0.5004821576640205,
        0.49810426304215993,
        0.5018248152289014,
        0.4999999977210575,
        0.49978677825250845,
        0.49645389863807304
    ],
    "blue_p_own_coin_b": [
        0.48910674848467595,
        0.5006693373404373,
        0.5069532173583664,
        0.5130023580023362,
        0.5077777721358026,
        0.516414134893761,
        0.49302914457504254,
        0.5279383327950226,
        0.6521736294897263,
        0.4166664930556279,
        0.5217389035917811,
        0.4285712244898931,
        0.4999998333333889,
        0.45161275754427177,
        0.5862066944114847,
        0.4799998080000768,
        0.35483859521335637,
        0.5499997250001375,
        0.4814813031550729,
        0.3888886728396262,
        0.4999998333333889,
        0.3599998560000576,
        0.5384613313610264,
        0.6521736294897263,
        0.40740725651583093,
        0.4583331423611907,
        0.5199997920000832,
        0.6499996750001625,
        0.5312498339844268,
        0.33333314814825105,
        0.5769228550296711,
        0.5909088223141716,
        0.5769228550296711,
        0.3913041776938358,
        0.49999979166675346,
        0.49999977272737606,
        0.4827584542212227,
        0.6551721878716593,
        0.540540394448542,
        0.43478241965981757,
        0.4615382840237369
    ],
    "red_picks_coin_a": [
        0.15383333307694444,
        0.15833333306944444,
        0.15516666640805557,
        0.12133333313111111,
        0.15783333307027778,
        0.16849999971916668,
        0.1606666663988889,
        0.164999999725,
        0.14833333308611113,
        0.14399999976,
        0.16099999973166668,
        0.1484999997525,
        0.1728333330452778,
        0.16999999971666668,
        0.1759999997066667,
        0.17099999971500002,
        0.18549999969083333,
        0.20649999965583335,
        0.19849999966916668,
        0.19916666633472224,
        0.21883333296861113,
        0.2146666663088889,
        0.22633333295611113,
        0.22999999961666667,
        0.24533333292444445,
        0.25083333291527776,
        0.24816666625305556,
        0.25266666624555556,
        0.27299999954500004,
        0.2893333328511111,
        0.2941666661763889,
        0.3006666661655556,
        0.3113333328144445,
        0.32533333279111115,
        0.33366666611055557,
        0.3456666660905556,
        0.3516666660805556,
        0.36533333272444446,
        0.36566666605722226,
        0.3908333326819445,
        0.3994999993341667
    ],
    "blue_picks_coin_b": [
        0.152999999745,
        0.12449999979250001,
        0.13183333311361112,
        0.140999999765,
        0.14999999975,
        0.13199999978000002,
        0.13149999978083335,
        0.08649999985583334,
        0.0038333333269444446,
        0.003999999993333334,
        0.0038333333269444446,
        0.0034999999941666667,
        0.004999999991666667,
        0.005166666658055556,
        0.004833333325277778,
        0.0041666666597222225,
        0.005166666658055556,
        0.003333333327777778,
        0.0044999999925,
        0.002999999995,
        0.004999999991666667,
        0.0041666666597222225,
        0.004333333326111111,
        0.0038333333269444446,
        0.0044999999925,
        0.003999999993333334,
        0.0041666666597222225,
        0.003333333327777778,
        0.005333333324444444,
        0.002999999995,
        0.004333333326111111,
        0.003666666660555556,
        0.004333333326111111,
        0.0038333333269444446,
        0.003999999993333334,
        0.003666666660555556,
        0.004833333325277778,
        0.004833333325277778,
        0.006166666656388889,
        0.0038333333269444446,
        0.004333333326111111
    ],
    "red_reward_a": [
        -0.0024999999958333335,
        0.03399999994333334,
        0.025166666624722223,
        -0.015999999973333335,
        0.010166666649722223,
        0.04083333326527778,
        0.02733333328777778,
        0.08333333319444444,
        0.1456666664238889,
        0.13933333310111112,
        0.1573333330711111,
        0.14449999975916666,
        0.16783333305361112,
        0.16433333305944445,
        0.17199999971333335,
        0.16666666638888888,
        0.1788333330352778,
        0.20349999966083335,
        0.19383333301027778,
        0.19549999967416667,
        0.21383333297694446,
        0.20933333298444445,
        0.2223333329627778,
        0.22733333295444447,
        0.2399999996,
        0.24649999958916669,
        0.24416666625972222,
        0.2503333329161111,
        0.26799999955333337,
        0.2853333328577778,
        0.29049999951583333,
        0.2976666661705556,
        0.3076666661538889,
        0.3206666661322222,
        0.32966666611722223,
        0.34199999943000003,
        0.3466666660888889,
        0.36199999939666666,
        0.3599999994,
        0.38649999935583335,
        0.3948333326752778
    ],
    "blue_reward_b": [
        -0.003666666660555556,
        -0.0344999999425,
        -0.01816666663638889,
        0.023666666627222225,
        -0.0006666666655555555,
        -0.03166666661388889,
        -0.03049999994916667,
        -0.07583333320694445,
        -0.14516666642472223,
        -0.140999999765,
        -0.15383333307694444,
        -0.14316666642805556,
        -0.164999999725,
        -0.16616666638972222,
        -0.17049999971583335,
        -0.16683333305527778,
        -0.1814999996975,
        -0.20299999966166668,
        -0.19383333301027778,
        -0.19699999967166668,
        -0.21399999964333336,
        -0.21083333298194445,
        -0.22199999963,
        -0.22416666629305557,
        -0.23916666626805558,
        -0.24833333291944445,
        -0.24516666625805555,
        -0.24733333292111112,
        -0.26699999955500003,
        -0.28899999951833333,
        -0.2896666661838889,
        -0.29399999951,
        -0.3056666661572222,
        -0.32049999946583335,
        -0.3286666661188889,
        -0.34166666609722224,
        -0.3481666660863889,
        -0.3591666660680556,
        -0.3594999994008333,
        -0.3871666660213889,
        -0.3979999993366667
    ]
}