{
    "red_p_own_coin_a": [
        0.5155412592117764,
        0.4846266400493904,
        0.5054200473520319,
        0.3749998437500651,
        0.464285548469447,
        0.3749997656251465
    ],
    "blue_p_own_coin_b": [
        0.5055432316458622,
        0.48016700458941536,
        0.6071427487245091,
        0.5476189172335911,
        0.6888887358025031,
        0.5454544214876315
    ],
    "red_picks_coin_a": [
        0.15549999974083334,
        0.11383333314361112,
        0.12299999979500001,
        0.003999999993333334,
        0.0046666666588888895,
        0.002666666662222222
    ],
    "blue_picks_coin_b": [
        0.1503333330827778,
        0.07983333320027779,
        0.009333333317777779,
        0.006999999988333333,
        0.0074999999875,
        0.007333333321111112
    ],
    "red_reward_a": [
        -0.49316666584472224,
        -0.4691666658847222,
        -0.3843333326927778,
        -0.5023333324961111,
        -0.4999999991666667,
        -0.50399999916
    ],
    "blue_reward_b": [
        -0.5003333324994444,
        -0.5374999991041667,
        -0.6123333323127778,
        -0.49799999917000004,
        -0.4974999991708334,
        -0.4959999991733334
    ]
}