{
    "red_p_own_coin_a": [
        0.4964336626502592,
        0.5024054948288282,
        0.49618320266354476,
        0.495587233566957,
        0.5129958925239679,
        0.5067934748179791,
        0.5065104133690729
    ],
    "blue_p_own_coin_b": [
        0.4958801460982761,
        0.49062048708066025,
        0.4967741899872818,
        0.49712643321029865,
        0.5046661844604007,
        0.5047899741725131,
        0.503581658283799
    ],
    "red_reward_a": [
        0.0012444444441679012,
        0.0009555555553432098,
        0.0008222222220395061,
        0.0016222222218617282,
        0.0018222222218172838,
        0.0028444444438123456,
        0.0033333333325925923
    ],
    "blue_reward_b": [
        -0.0017111111107308641,
        -0.0013777777774716048,
        -0.0012666666663851852,
        -0.002088888888424691,
        -0.0006888888887358024,
        -0.0021111111106419753,
        -0.0026666666660740738
    ]
}