{
    "red_p_own_coin_a": [
        0.5288461284208592,
        0.5329340998243054,
        0.4712643407319344,
        0.4677419103364564,
        0.4402173673794909,
        0.5444444141975325,
        0.5388600757067318,
        0.4941176179930813,
        0.5164834881053029,
        0.48255811147917954,
        0.49999997222222375,
        0.4948979339337789,
        0.5029939818566478,
        0.5052631313019404,
        0.5082872647355102,
        0.5025906475341634,
        0.4777777512345694,
        0.5138121263087223,
        0.5370370038866047
    ],
    "blue_p_own_coin_b": [
        0.5303867110283585,
        0.5223880337120381,
        0.4898989651566179,
        0.4823529128027698,
        0.4354838475546318,
        0.5329670036831317,
        0.5204678058205962,
        0.4945651905127614,
        0.5128204865220263,
        0.4840764022881272,
        0.48823526539792556,
        0.5046728736134171,
        0.5030674537995427,
        0.5028571141224506,
        0.5025640767915858,
        0.5056179491225872,
        0.46470585501730266,
        0.5183245801924303,
        0.5128204865220263
    ],
    "red_picks_coin_a": [
        0.06933333310222223,
        0.05566666648111112,
        0.057999999806666674,
        0.06199999979333334,
        0.061333333128888896,
        0.05999999980000001,
        0.06433333311888889,
        0.05666666647777778,
        0.06066666646444445,
        0.05733333314222223,
        0.05999999980000001,
        0.06533333311555556,
        0.05566666648111112,
        0.06333333312222222,
        0.06033333313222223,
        0.06433333311888889,
        0.05999999980000001,
        0.06033333313222223,
        0.053999999820000005
    ],
    "blue_picks_coin_b": [
        0.06033333313222223,
        0.06699999977666668,
        0.06599999978000001,
        0.05666666647777778,
        0.06199999979333334,
        0.06066666646444445,
        0.05699999981000001,
        0.061333333128888896,
        0.06499999978333335,
        0.05233333315888889,
        0.05666666647777778,
        0.07133333309555556,
        0.054333333152222225,
        0.058333333138888895,
        0.06499999978333335,
        0.05933333313555556,
        0.05666666647777778,
        0.06366666645444445,
        0.06499999978333335
    ],
    "red_reward_a": [
        0.012666666624444446,
        -0.008333333305555557,
        -0.009333333302222224,
        0.0033333333222222224,
        -0.008666666637777778,
        0.0033333333222222224,
        0.009666666634444446,
        -0.005333333315555556,
        -0.002666666657777778,
        0.0033333333222222224,
        0.0019999999933333337,
        -0.005333333315555556,
        0.0016666666611111112,
        0.005333333315555556,
        -0.004333333318888889,
        0.005666666647777778,
        -0.0006666666644444445,
        -0.0009999999966666668,
        -0.009333333302222224
    ],
    "blue_reward_b": [
        -0.004999999983333334,
        0.014999999950000002,
        0.004666666651111112,
        -0.009333333302222224,
        -0.006666666644444445,
        0.00599999998,
        -0.002333333325555556,
        0.003999999986666667,
        0.006333333312222223,
        -0.0069999999766666675,
        -0.0033333333222222224,
        0.005333333315555556,
        -0.0009999999966666668,
        -0.004333333318888889,
        0.005666666647777778,
        -0.004666666651111112,
        -0.00599999998,
        0.004999999983333334,
        0.014999999950000002
    ]
}