{
    "red_p_own_coin_a": [
        0.4823528844290724,
        0.5352111922237757,
        0.5068492456370897,
        0.5949366335523248,
        0.4606741055422353,
        0.46666660444445274,
        0.5873014940791279,
        0.5135134441198048,
        0.46590903796488203,
        0.44047613803855495,
        0.5176469979238826,
        0.5411764069204227,
        0.5638297272521566,
        0.4999999375000078,
        0.5108695096880967,
        0.45833326967593474,
        0.5432098094802704,
        0.51898727607756,
        0.511627847485134,
        0.5208332790798668,
        0.43283575629317067,
        0.4938270995275186,
        0.5180722267382859,
        0.474358913543729,
        0.5769230214497094,
        0.43181813274793945,
        0.4459458856829884,
        0.47126431364778004,
        0.4761904308390066,
        0.5499999312500086,
        0.4794519891161659,
        0.5172413198573196,
        0.49999993902439765,
        0.4938270995275186,
        0.4799999520000048,
        0.5263157202216158,
        0.4523808985260835,
        0.39999994666667377,
        0.5454544628099298,
        0.47058816608997556,
        0.5157894193905874,
        0.5208332790798668,
        0.4520547325952421,
        0.5393257820982267,
        0.5048543199170563
    ],
    "blue_p_own_coin_b": [
        0.46341457763236854,
        0.49999993902439765,
        0.4935064294147494,
        0.5555554869684584,
        0.5108695096880967,
        0.43661965681413284,
        0.5609755413444462,
        0.49999994047619756,
        0.48387091571280477,
        0.4457830788213158,
        0.4943819669233745,
        0.5466665937777875,
        0.5810810025566212,
        0.4799999360000085,
        0.5054944499456648,
        0.4749999406250074,
        0.5072463032976372,
        0.5135134441198048,
        0.456521689508512,
        0.5599999253333433,
        0.43373488750182077,
        0.5249999343750081,
        0.5199999306666759,
        0.49397584409929585,
        0.5575220745555686,
        0.46236554168112454,
        0.43037969235700096,
        0.4883720362358097,
        0.505376289744485,
        0.5851063207333701,
        0.48611104359568835,
        0.5232557531097961,
        0.5057470683049347,
        0.5064934407151376,
        0.513888817515442,
        0.48717942472058656,
        0.4473683621883734,
        0.4024389753123201,
        0.5393257820982267,
        0.5068492456370897,
        0.49295767704821447,
        0.522727213326453,
        0.41573029036738307,
        0.5631067414459474,
        0.47560969809637826
    ],
    "red_reward_a": [
        -0.0011999999952,
        -0.004399999982400001,
        -0.001999999992,
        0.0027999999888000003,
        -0.00039999999840000005,
        -0.001999999992,
        -0.0035999999856000005,
        -0.003999999984,
        -0.0031999999872000004,
        -0.0031999999872000004,
        -0.001999999992,
        0.0067999999728,
        0.012799999948800002,
        0.0007999999968000001,
        0.0007999999968000001,
        -0.0047999999808,
        0.005199999979200001,
        0.0027999999888000003,
        -0.0055999999776000006,
        0.011999999952000002,
        -0.010799999956800001,
        0.001999999992,
        0.004399999982400001,
        -0.0023999999904,
        0.0015999999936000002,
        -0.0047999999808,
        -0.006399999974400001,
        -0.00039999999840000005,
        0.005199999979200001,
        0.0007999999968000001,
        -0.00039999999840000005,
        0.001999999992,
        -0.0015999999936000002,
        0.001999999992,
        0.011999999952000002,
        -0.0015999999936000002,
        0.0,
        -0.009199999963200001,
        -0.006399999974400001,
        -0.0015999999936000002,
        0.009199999963200001,
        0.0047999999808,
        -0.012399999950400002,
        -0.00039999999840000005,
        0.0067999999728
    ],
    "blue_reward_b": [
        -0.0023999999904,
        0.006399999974400001,
        0.001999999992,
        0.0067999999728,
        -0.0015999999936000002,
        -0.0035999999856000005,
        0.011999999952000002,
        0.0047999999808,
        -0.00039999999840000005,
        -0.004399999982400001,
        0.0027999999888000003,
        -0.0011999999952,
        -0.0031999999872000004,
        -0.001999999992,
        0.00039999999840000005,
        0.0007999999968000001,
        -0.001999999992,
        -0.0007999999968000001,
        0.0031999999872000004,
        -0.0067999999728,
        0.0027999999888000003,
        -0.0007999999968000001,
        -0.001999999992,
        0.00039999999840000005,
        0.00999999996,
        -0.0027999999888000003,
        -0.0011999999952,
        -0.0023999999904,
        -0.0067999999728,
        0.008799999964800001,
        -0.0015999999936000002,
        0.0007999999968000001,
        0.001999999992,
        -0.001999999992,
        -0.012799999948800002,
        0.0023999999904,
        -0.006399999974400001,
        -0.0031999999872000004,
        0.0115999999536,
        0.00039999999840000005,
        -0.008399999966400002,
        -0.0015999999936000002,
        0.0035999999856000005,
        0.008399999966400002,
        -0.007999999968
    ]
}