{
    "red_p_own_coin_a": [
        0.48031495522705336,
        0.4830866756544749,
        0.5069444356433258,
        0.5043988121877182,
        0.4210525207756524,
        0.51724120095131,
        0.45283010323960315,
        0.49999996031746347,
        0.3199998720000512,
        0.49999979166675346,
        0.37037023319620993,
        0.5185183264746939,
        0.6296293964335569,
        0.59999970000015,
        0.4799998080000768,
        0.2857141836735058,
        0.5599997760000897,
        0.6956518714557081,
        0.6551721878716593,
        0.49999977272737606,
        0.7142853741498219,
        0.4814813031550729,
        0.4761902494332146,
        0.5769228550296711,
        0.433333188888937,
        0.4374997265626709,
        0.5454542975207739,
        0.41379296076104805,
        0.3124999023437805
    ],
    "blue_p_own_coin_b": [
        0.48335123003919195,
        0.4828897277200288,
        0.5108695467076252,
        0.5520833045789946,
        0.6093749047851711,
        0.5411764069204227,
        0.4683543710943834,
        0.6046510221741809,
        0.49999986111114963,
        0.3999998666667111,
        0.593749814453183,
        0.4545452479339782,
        0.5499997250001375,
        0.4749998812500297,
        0.4062498730469146,
        0.5416664409723163,
        0.5588233650519514,
        0.4687498535156707,
        0.5517239476813973,
        0.433333188888937,
        0.4615382840237369,
        0.4999998529412197,
        0.5135133747261149,
        0.4583331423611907,
        0.4615382840237369,
        0.6756754930606775,
        0.4374998632812927,
        0.5588233650519514,
        0.4864863550036878
    ],
    "red_picks_coin_a": [
        0.14816666641972223,
        0.1576666664038889,
        0.09599999984,
        0.05683333323861112,
        0.0063333333227777785,
        0.004833333325277778,
        0.008833333318611112,
        0.020999999965000002,
        0.0041666666597222225,
        0.003999999993333334,
        0.0044999999925,
        0.0044999999925,
        0.0044999999925,
        0.003333333327777778,
        0.0041666666597222225,
        0.0046666666588888895,
        0.0041666666597222225,
        0.0038333333269444446,
        0.004833333325277778,
        0.003666666660555556,
        0.0034999999941666667,
        0.0044999999925,
        0.0034999999941666667,
        0.004333333326111111,
        0.004999999991666667,
        0.002666666662222222,
        0.003666666660555556,
        0.004833333325277778,
        0.005333333324444444
    ],
    "blue_picks_coin_b": [
        0.15516666640805557,
        0.13149999978083335,
        0.04599999992333333,
        0.03199999994666667,
        0.010666666648888889,
        0.014166666643055556,
        0.013166666644722222,
        0.007166666654722223,
        0.00599999999,
        0.004999999991666667,
        0.005333333324444444,
        0.003666666660555556,
        0.003333333327777778,
        0.006666666655555556,
        0.005333333324444444,
        0.003999999993333334,
        0.005666666657222223,
        0.005333333324444444,
        0.004833333325277778,
        0.004999999991666667,
        0.004333333326111111,
        0.005666666657222223,
        0.006166666656388889,
        0.003999999993333334,
        0.004333333326111111,
        0.006166666656388889,
        0.005333333324444444,
        0.005666666657222223,
        0.006166666656388889
    ],
    "red_reward_a": [
        -0.5121666658130556,
        -0.47833333253611116,
        -0.44899999925166667,
        -0.4718333325469445,
        -0.5019999991633334,
        -0.5081666658197223,
        -0.5051666658247222,
        -0.4846666658588889,
        -0.5018333324969445,
        -0.5019999991633334,
        -0.4998333325002778,
        -0.49949999916750004,
        -0.4984999991691667,
        -0.5036666658272222,
        -0.5021666658297222,
        -0.4989999991683334,
        -0.5008333324986112,
        -0.5018333324969445,
        -0.49949999916750004,
        -0.5019999991633334,
        -0.5011666658313889,
        -0.5011666658313889,
        -0.5024999991625,
        -0.4999999991666667,
        -0.4996666658338889,
        -0.5013333324977778,
        -0.5023333324961111,
        -0.5001666658330556,
        -0.500999999165
    ],
    "blue_reward_b": [
        -0.49883333250194445,
        -0.5314999991141667,
        -0.5486666657522222,
        -0.5243333324594445,
        -0.4966666658388889,
        -0.49049999918250003,
        -0.49649999917250004,
        -0.5138333324769445,
        -0.4996666658338889,
        -0.4989999991683334,
        -0.5003333324994444,
        -0.5006666658322222,
        -0.4999999991666667,
        -0.4959999991733334,
        -0.4989999991683334,
        -0.5026666658288889,
        -0.49799999917000004,
        -0.4969999991716667,
        -0.4984999991691667,
        -0.4986666658355556,
        -0.49766666583722224,
        -0.4989999991683334,
        -0.4974999991708334,
        -0.4996666658338889,
        -0.5013333324977778,
        -0.4968333325052778,
        -0.49799999917000004,
        -0.4999999991666667,
        -0.5011666658313889
    ]
}