{
    "red_p_own_coin_a": [
        0.5043955988527956
    ],
    "blue_p_own_coin_b": [
        0.5145089228291415
    ],
    "red_picks_coin_a": [
        0.1516666664138889
    ],
    "blue_picks_coin_b": [
        0.14933333308444446
    ],
    "red_reward_a": [
        -0.4933333325111111
    ],
    "blue_reward_b": [
        -0.500999999165
    ]
}