{
    "red_p_own_coin_a": [
        0.49689437907488326
    ],
    "blue_p_own_coin_b": [
        0.5182481373541505
    ],
    "red_reward_a": [
        0.006444444430123457
    ],
    "blue_reward_b": [
        -0.005555555543209877
    ]
}