{
    "red_p_own_coin_a": [
        0.47656246276855757
    ],
    "blue_p_own_coin_b": [
        0.45945943462381433
    ],
    "red_reward_a": [
        -0.015999999964444445
    ],
    "blue_reward_b": [
        0.011333333308148149
    ]
}