{
    "red_p_own_coin_a": [
        0.4931870160856012,
        0.406437122706309,
        0.44582042653528753,
        0.4862385246752519
    ],
    "blue_p_own_coin_b": [
        0.49331621473417886,
        0.4627403790536012,
        0.5116278990445288,
        0.48275861345189486
    ],
    "red_picks_coin_a": [
        0.15521833333074633,
        0.0022266666666295554,
        0.0010766666666487221,
        0.0010899999999818331
    ],
    "blue_picks_coin_b": [
        0.15447833333075867,
        0.0013866666666435554,
        0.0010749999999820831,
        0.0011116666666481387
    ],
    "red_reward_a": [
        -0.5013249999916445,
        -0.4992633333250122,
        -0.4999733333250004,
        -0.5000599999916656
    ],
    "blue_reward_b": [
        -0.502854999991619,
        -0.5012566666583124,
        -0.500118333324998,
        -0.5000083333249998
    ]
}