{
    "red_p_own_coin_a": [
        0.5161290265169185,
        0.5233333158888895,
        0.5157232380048278,
        0.47540975812954783,
        0.4827585374554246,
        0.46666658888890183
    ],
    "blue_p_own_coin_b": [
        0.5207468825648663,
        0.5051020343736986,
        0.49836063939801184,
        0.4166664930556279,
        0.5217389035917811,
        0.4583331423611907
    ],
    "red_picks_coin_a": [
        0.14983333308361113,
        0.04999999991666667,
        0.026499999955833336,
        0.010166666649722223,
        0.009666666650555556,
        0.009999999983333334
    ],
    "blue_picks_coin_b": [
        0.1606666663988889,
        0.13066666644888889,
        0.05083333324861111,
        0.003999999993333334,
        0.0038333333269444446,
        0.003999999993333334
    ],
    "red_reward_a": [
        -0.5041666658263889,
        -0.5793333323677778,
        -0.5244999991258333,
        -0.49449999917583337,
        -0.4939999991766667,
        -0.49433333250944445
    ],
    "blue_reward_b": [
        -0.48433333252611116,
        -0.41699999930500004,
        -0.4748333325419445,
        -0.5066666658222222,
        -0.5061666658230556,
        -0.5066666658222222
    ]
}