{
    "cooperation_a": [
        0.5606666647977778,
        0.7103333309655556,
        0.7839999973866667,
        0.8459999971800001,
        0.8896666637011112,
        0.9156666636144445,
        0.9319999968933335,
        0.946333330178889,
        0.9536666634877778,
        0.9529999968233335,
        0.9656666634477779,
        0.9696666634344445,
        0.97199999676,
        0.9759999967466667,
        0.9769999967433334,
        0.9756666634144445,
        0.97799999674,
        0.985333330048889,
        0.988333330038889,
        0.98399999672,
        0.9846666633844445,
        0.9906666633644445,
        0.9889999967033334,
        0.9859999967133334,
        0.9893333300355557,
        0.9889999967033334,
        0.9886666633711112,
        0.9906666633644445,
        0.9939999966866667,
        0.9909999966966667,
        0.9923333300255557,
        0.9909999966966667,
        0.9926666633577779,
        0.9936666633544445,
        0.9956666633477779,
        0.9923333300255557,
        0.9933333300222223,
        0.9939999966866667,
        0.99299999669,
        0.994333330018889,
        0.9923333300255557,
        0.9956666633477779,
        0.994333330018889,
        0.9966666633444445,
        0.9953333300155557,
        0.9949999966833334,
        0.9949999966833334,
        0.9933333300222223,
        0.9949999966833334,
        0.9966666633444445,
        0.997333330008889,
        0.9963333300122224,
        0.9946666633511112,
        0.9963333300122224,
        0.9956666633477779,
        0.9976666633411112,
        0.994333330018889,
        0.9969999966766667,
        0.99599999668,
        0.9963333300122224,
        0.997333330008889,
        0.9983333300055557,
        0.9986666633377779,
        0.9979999966733334,
        0.9976666633411112,
        0.9969999966766667,
        0.9969999966766667,
        0.9966666633444445,
        0.9969999966766667,
        0.9979999966733334,
        0.997333330008889,
        0.9956666633477779
    ],
    "cooperation_b": [
        0.4693333317688889,
        0.5723333314255556,
        0.6916666643611111,
        0.7833333307222223,
        0.8346666638844445,
        0.877333330408889,
        0.9076666636411111,
        0.9266666635777778,
        0.9399999968666668,
        0.9449999968500001,
        0.9593333301355557,
        0.9549999968166668,
        0.9606666634644445,
        0.9696666634344445,
        0.97199999676,
        0.9773333300755557,
        0.982333330058889,
        0.9776666634077779,
        0.9846666633844445,
        0.982333330058889,
        0.9819999967266667,
        0.9859999967133334,
        0.9836666633877779,
        0.9859999967133334,
        0.9889999967033334,
        0.9866666633777779,
        0.9893333300355557,
        0.9903333300322223,
        0.9909999966966667,
        0.9876666633744445,
        0.9909999966966667,
        0.9923333300255557,
        0.9923333300255557,
        0.9903333300322223,
        0.9923333300255557,
        0.9926666633577779,
        0.9906666633644445,
        0.9923333300255557,
        0.9949999966833334,
        0.9936666633544445,
        0.994333330018889,
        0.9896666633677779,
        0.9949999966833334,
        0.9936666633544445,
        0.9939999966866667,
        0.9953333300155557,
        0.9933333300222223,
        0.994333330018889,
        0.994333330018889,
        0.994333330018889,
        0.9946666633511112,
        0.9949999966833334,
        0.99599999668,
        0.9936666633544445,
        0.99599999668,
        0.9953333300155557,
        0.9946666633511112,
        0.9969999966766667,
        0.99599999668,
        0.9966666633444445,
        0.9969999966766667,
        0.99599999668,
        0.9963333300122224,
        0.9966666633444445,
        0.9963333300122224,
        0.9983333300055557,
        0.9966666633444445,
        0.9963333300122224,
        0.9966666633444445,
        0.99599999668,
        0.9976666633411112,
        0.9976666633411112
    ],
    "reward_a": [
        -1.3479999955066668,
        -1.1516666628277779,
        -1.1236666629211112,
        -1.0913333296955556,
        -1.0553333298155556,
        -1.0459999965133335,
        -1.0436666631877778,
        -1.0339999965533335,
        -1.0326666632244446,
        -1.0389999965366667,
        -1.0279999965733335,
        -1.015666663281111,
        -1.0166666632777779,
        -1.0176666632744444,
        -1.0179999966066668,
        -1.0259999965800002,
        -1.0263333299122224,
        -1.0069999966433334,
        -1.0079999966400002,
        -1.0143333299522224,
        -1.0126666632911112,
        -1.0046666633177779,
        -1.0056666633144444,
        -1.0139999966200002,
        -1.0103333299655557,
        -1.0086666633044445,
        -1.0119999966266668,
        -1.0089999966366667,
        -1.0029999966566667,
        -1.0056666633144444,
        -1.006333329978889,
        -1.0103333299655557,
        -1.0069999966433334,
        -1.0029999966566667,
        -1.0009999966633334,
        -1.0079999966400002,
        -1.0039999966533335,
        -1.0043333299855557,
        -1.0089999966366667,
        -1.00499999665,
        -1.009666663301111,
        -0.9983333300055557,
        -1.006333329978889,
        -1.000333329998889,
        -1.003333329988889,
        -1.0053333299822222,
        -1.003333329988889,
        -1.0076666633077778,
        -1.0043333299855557,
        -1.0009999966633334,
        -0.9999999966666667,
        -1.0023333299922224,
        -1.0066666633111112,
        -1.0009999966633334,
        -1.0046666633177779,
        -0.9999999966666667,
        -1.0059999966466668,
        -1.0029999966566667,
        -1.0039999966533335,
        -1.0039999966533335,
        -1.0023333299922224,
        -0.9993333300022224,
        -0.9989999966700001,
        -1.0006666633311112,
        -1.0009999966633334,
        -1.0043333299855557,
        -1.0026666633244445,
        -1.0029999966566667,
        -1.0026666633244445,
        -0.9999999966666667,
        -1.0029999966566667,
        -1.006333329978889
    ],