{
    "red_p_own_coin_a": [
        0.49261744305211486,
        0.508287285797137,
        0.5048142984207111,
        0.4889466776469873,
        0.4895561293791628,
        0.5086551197249651,
        0.524484529323653,
        0.49999999333333345,
        0.5333333262222223,
        0.5064102499178174
    ],
    "blue_p_own_coin_b": [
        0.4885905974685826,
        0.511278189081727,
        0.5065444959876375,
        0.4920634855547158,
        0.49558637458276955,
        0.5012562751098458,
        0.5157384925455388,
        0.5012919831874421,
        0.5276705208794013,
        0.49935814506600584
    ],
    "red_picks_coin_a": [
        0.148999999702,
        0.1447999997104,
        0.1453999997092,
        0.15379999969240002,
        0.15319999969360001,
        0.15019999969960002,
        0.15519999968960002,
        0.1499999997,
        0.1499999997,
        0.15599999968800002
    ],
    "blue_picks_coin_b": [
        0.148999999702,
        0.15959999968080002,
        0.1527999996944,
        0.1511999996976,
        0.1585999996828,
        0.1591999996816,
        0.1651999996696,
        0.1547999996904,
        0.1553999996892,
        0.1557999996884
    ],
    "red_reward_a": [
        -0.0795999998408,
        -0.0891999998216,
        -0.0807999998384,
        -0.07659999984680001,
        -0.0867999998264,
        -0.087999999824,
        -0.0847999998304,
        -0.08159999983680001,
        -0.0701999998596,
        -0.07799999984400001
    ],
    "blue_reward_b": [
        -0.0777999998444,
        -0.053999999892,
        -0.0631999998736,
        -0.08459999983080001,
        -0.075999999848,
        -0.0621999998756,
        -0.0561999998876,
        -0.0701999998596,
        -0.054599999890800006,
        -0.0751999998496
    ]
}